CIRCUNSCRIPCION,ID_ESTADO,NOMBRE_ESTADO,ID_DISTRITO_LOCAL,CABECERA_DISTRITAL_LOCAL,ID_MUNICIPIO,MUNICIPIO,ID_DEMARCACION_LOCAL,DEMARCACION_LOCAL,TIPO_DE_CANDIDATURA,NOMBRE_ACTOR_POLITICO,NUMERO_LISTA,PERSONA CANDIDATA,IDENTIDAD_SEXO_GENERICA,ACCION_AFIRMATIVA,RUTA_CONSTANCIA,PARTIDO_POLITICO
4,12,GUERRERO,4,ACAPULCO,1,ACAPULCO DE JUAREZ,,,PRES_MUN,PT_PVEM_MORENA,1,ABELINA LOPEZ RODRIGUEZ,2,,,MORENA
4,12,GUERRERO,4,ACAPULCO,1,ACAPULCO DE JUAREZ,,,REG_RP,MC,1,ANGELA RODRIGUEZ IBARRA,2,CANDIDATURAS DE DISCAPACIDAD,,MC
4,12,GUERRERO,4,ACAPULCO,1,ACAPULCO DE JUAREZ,,,REG_RP,PAN,1,ARMANDA GARCIA GARCIA,2,,,PAN
4,12,GUERRERO,4,ACAPULCO,1,ACAPULCO DE JUAREZ,,,REG_RP,MC,2,ARMANDO AÑORVE RIOS,1,,,MC
4,12,GUERRERO,4,ACAPULCO,1,ACAPULCO DE JUAREZ,,,REG_RP,PRD,1,ELIDETH ROCIO REYES GARCIA,2,,,PRD
4,12,GUERRERO,4,ACAPULCO,1,ACAPULCO DE JUAREZ,,,REG_RP,MORENA,7,ERIC ROMERO MORALES,1,,,MORENA
4,12,GUERRERO,4,ACAPULCO,1,ACAPULCO DE JUAREZ,,,SIND_MR,PT_PVEM_MORENA,1,ESTRELLA DE LA PAZ BERNAL,2,,,MORENA
4,12,GUERRERO,4,ACAPULCO,1,ACAPULCO DE JUAREZ,,,REG_RP,PVEM,1,FELIPE WILLIAMS MANZANAREZ,1,,,PVEM
4,12,GUERRERO,4,ACAPULCO,1,ACAPULCO DE JUAREZ,,,REG_RP,MORENA,3,GENARO VAZQUEZ FLORES,1,,,MORENA
4,12,GUERRERO,4,ACAPULCO,1,ACAPULCO DE JUAREZ,,,REG_RP,MORENA,4,HILDA SOFIA CORONA MIJANGOS,2,,,MORENA
4,12,GUERRERO,4,ACAPULCO,1,ACAPULCO DE JUAREZ,,,REG_RP,PES,2,JOSE ANGEL MEJIA ALVAREZ,1,,,PES
4,12,GUERRERO,4,ACAPULCO,1,ACAPULCO DE JUAREZ,,,REG_RP,MORENA,1,JUAN CARLOS MANRIQUE GARCIA,1,,,MORENA
4,12,GUERRERO,4,ACAPULCO,1,ACAPULCO DE JUAREZ,,,REG_RP,MC,3,JULY PELAEZ VICTORIANO ,2,CANDIDATURAS DE LA DIVERSIDAD SEXUAL,,MC
4,12,GUERRERO,4,ACAPULCO,1,ACAPULCO DE JUAREZ,,,REG_RP,PVEM,2,MARICRUZ CEBALLOS HERNANDEZ,2,,,PVEM
4,12,GUERRERO,4,ACAPULCO,1,ACAPULCO DE JUAREZ,,,REG_RP,MORENA,2,MARISOL LUNA TORRES,2,,,MORENA
4,12,GUERRERO,4,ACAPULCO,1,ACAPULCO DE JUAREZ,,,REG_RP,MORENA,6,MARLEN GONZALEZ GOMEZ,2,,,MORENA
4,12,GUERRERO,4,ACAPULCO,1,ACAPULCO DE JUAREZ,,,SIND_MR,PT_PVEM_MORENA,1,MIGUEL JAIMES RAMOS,1,,,MORENA
4,12,GUERRERO,4,ACAPULCO,1,ACAPULCO DE JUAREZ,,,REG_RP,MORENA,5,MISAEL SANCHEZ ORTIZ,1,,,MORENA
4,12,GUERRERO,4,ACAPULCO,1,ACAPULCO DE JUAREZ,,,REG_RP,PES,1,ORALIA RIVERA VELEZ,2,,,PES
4,12,GUERRERO,4,ACAPULCO,1,ACAPULCO DE JUAREZ,,,REG_RP,PT,1,ROBERTO CARLOS ORTEGA GONZALEZ,1,,,PT
4,12,GUERRERO,4,ACAPULCO,1,ACAPULCO DE JUAREZ,,,REG_RP,PRI,2,RODOLFO ESCOBAR AVILA,1,,,PRI
4,12,GUERRERO,4,ACAPULCO,1,ACAPULCO DE JUAREZ,,,REG_RP,MORENA,8,SAUDY ISUI MENDOZA VICTORIANO,2,CANDIDATURAS DE LA DIVERSIDAD SEXUAL,,MORENA
4,12,GUERRERO,4,ACAPULCO,1,ACAPULCO DE JUAREZ,,,REG_RP,PRI,1,VERONICA AGUIRRE GRANDA,2,,,PRI
4,12,GUERRERO,26,OLINALA,2,AHUACUOTZINGO,,,REG_RP,MC,1,ALBERTO FRANCISCO JACINTO,1,CANDIDATURAS INDIGENAS,,MC
4,12,GUERRERO,26,OLINALA,2,AHUACUOTZINGO,,,REG_RP,PVEM,1,APOLONIO LUCAS CASTIZO,1,CANDIDATURAS INDIGENAS,,PVEM
4,12,GUERRERO,26,OLINALA,2,AHUACUOTZINGO,,,REG_RP,PRI,1,BENEDICT MELCHOR SALAZAR,1,CANDIDATURAS INDIGENAS,,PRI
4,12,GUERRERO,26,OLINALA,2,AHUACUOTZINGO,,,REG_RP,PRD,1,DANIEL JIMON GARCIA,1,CANDIDATURAS INDIGENAS,,PRD
4,12,GUERRERO,26,OLINALA,2,AHUACUOTZINGO,,,REG_RP,PRD,2,ELENA SEBASTIAN FLORENCIO,2,CANDIDATURAS INDIGENAS,,PRD
4,12,GUERRERO,26,OLINALA,2,AHUACUOTZINGO,,,SIND_MR,PRD,1,JOVITA CAPILLA BARRIOS,2,CANDIDATURAS INDIGENAS,,PRD
4,12,GUERRERO,26,OLINALA,2,AHUACUOTZINGO,,,REG_RP,PT,2,MARIA MAGDALENA GODINEZ MARGARO,2,CANDIDATURAS INDIGENAS,,PT
4,12,GUERRERO,26,OLINALA,2,AHUACUOTZINGO,,,REG_RP,PRD,4,OLGA ABARCA ROMERO,2,CANDIDATURAS DE DISCAPACIDAD,,PRD
4,12,GUERRERO,26,OLINALA,2,AHUACUOTZINGO,,,REG_RP,PT,4,PATRICIA MEJIA NAVA,2,CANDIDATURAS DE DISCAPACIDAD,,PT
4,12,GUERRERO,26,OLINALA,2,AHUACUOTZINGO,,,PRES_MUN,PRD,1,PEDRO OJEDA REYES,1,CANDIDATURAS INDIGENAS,,PRD
4,12,GUERRERO,17,COYUCA,3,AJUCHITLAN DEL PROGRESO,,,SIND_MR,PAN_PRI_PRD,1,ALMA ROSA VERGARA CHAMU,2,,,PRI
4,12,GUERRERO,17,COYUCA,3,AJUCHITLAN DEL PROGRESO,,,REG_RP,PRI,2,BRENDA LISSET ZAVALETA SERAFIN,2,,,PRI
4,12,GUERRERO,17,COYUCA,3,AJUCHITLAN DEL PROGRESO,,,REG_RP,PRI,1,CARLOS DE JESUS RAMIREZ NUÑEZ,1,,,PRI
4,12,GUERRERO,17,COYUCA,3,AJUCHITLAN DEL PROGRESO,,,REG_RP,MORENA,3,CORNELIA DE LA PAZ SANCHEZ,2,,,MORENA
4,12,GUERRERO,17,COYUCA,3,AJUCHITLAN DEL PROGRESO,,,REG_RP,PRI,3,LEONEL GONZALEZ RAYO,1,CANDIDATURAS DE DISCAPACIDAD,,PRI
4,12,GUERRERO,17,COYUCA,3,AJUCHITLAN DEL PROGRESO,,,REG_RP,MORENA,1,LISBETH JULIO ECHEVERRIA,2,,,MORENA
4,12,GUERRERO,17,COYUCA,3,AJUCHITLAN DEL PROGRESO,,,REG_RP,MORENA,2,ROGELIO MARTINEZ SALGADO,1,,,MORENA
4,12,GUERRERO,17,COYUCA,3,AJUCHITLAN DEL PROGRESO,,,PRES_MUN,PAN_PRI_PRD,1,VICTOR MENDOZA NAVARRO,1,,,PRI
4,12,GUERRERO,17,COYUCA,3,AJUCHITLAN DEL PROGRESO,,,REG_RP,PRI,4,YURITCELT ECHEVERRIA JULIO,2,,,PRI
4,12,GUERRERO,17,COYUCA,3,AJUCHITLAN DEL PROGRESO,,,REG_RP,MORENA,4,ZENON PABLO ALONSO,1,,,MORENA
4,12,GUERRERO,27,TLAPA,4,ALCOZAUCA DE GUERRERO,,,REG_RP,PRD,1,BULMARO MARTINEZ MARTINEZ,1,CANDIDATURAS INDIGENAS,,PRD
4,12,GUERRERO,27,TLAPA,4,ALCOZAUCA DE GUERRERO,,,REG_RP,PRD,2,CELESTE MONTSERRAT GARCIA SAAVEDRA,2,CANDIDATURAS INDIGENAS,,PRD
4,12,GUERRERO,27,TLAPA,4,ALCOZAUCA DE GUERRERO,,,PRES_MUN,PBG,1,CRISPIN AGUSTIN MENDOZA,1,CANDIDATURAS INDIGENAS,,PBG
4,12,GUERRERO,27,TLAPA,4,ALCOZAUCA DE GUERRERO,,,REG_RP,MORENA,1,JUAN GASPAR VEGA,1,CANDIDATURAS DE DISCAPACIDAD,,MORENA
4,12,GUERRERO,27,TLAPA,4,ALCOZAUCA DE GUERRERO,,,REG_RP,PT,1,NORBERTO OSCURO LOPEZ,1,CANDIDATURAS INDIGENAS,,PT
4,12,GUERRERO,27,TLAPA,4,ALCOZAUCA DE GUERRERO,,,REG_RP,PBG,1,SANTANA DE LOS SANTOS SILVA,2,,,PBG
4,12,GUERRERO,27,TLAPA,4,ALCOZAUCA DE GUERRERO,,,REG_RP,PRI,1,TANIA AZUCENA MARTINEZ NAVA,2,CANDIDATURAS INDIGENAS,,PRI
4,12,GUERRERO,27,TLAPA,4,ALCOZAUCA DE GUERRERO,,,SIND_MR,PBG,1,VICTORIA GONZALEZ GARCIA,2,CANDIDATURAS INDIGENAS,,PBG
4,12,GUERRERO,27,TLAPA,5,ALPOYECA,,,SIND_MR,PVEM,1,ANA RUT LARIOS ARISTAY,2,CANDIDATURAS INDIGENAS,,PVEM
4,12,GUERRERO,27,TLAPA,5,ALPOYECA,,,REG_RP,MORENA,1,CARLOS DE JESUS BALCAZAR,1,CANDIDATURAS INDIGENAS,,MORENA
4,12,GUERRERO,27,TLAPA,5,ALPOYECA,,,REG_RP,PVEM,2,CONSUELO MALDONADO RAMIREZ,2,CANDIDATURAS INDIGENAS,,PVEM
4,12,GUERRERO,27,TLAPA,5,ALPOYECA,,,PRES_MUN,PVEM,1,GRAHUBE DE JESUS ROSALES,1,CANDIDATURAS INDIGENAS,,PVEM
4,12,GUERRERO,27,TLAPA,5,ALPOYECA,,,REG_RP,PVEM,4,GRISEL RAMIREZ GUZMAN,2,CANDIDATURAS DE DISCAPACIDAD,,PVEM
4,12,GUERRERO,27,TLAPA,5,ALPOYECA,,,REG_RP,PES,1,MAXIMO ESCOBAR RIOS,1,CANDIDATURAS INDIGENAS,,PES
4,12,GUERRERO,27,TLAPA,5,ALPOYECA,,,REG_RP,PBG,1,PEDRO AQUILEO RAMIREZ LOPEZ,1,CANDIDATURAS INDIGENAS,,PBG
4,12,GUERRERO,27,TLAPA,5,ALPOYECA,,,REG_RP,PBG,2,YURIDIA LEAL FLORES,2,CANDIDATURAS INDIGENAS,,PBG
4,12,GUERRERO,20,TELOLOAPAN,6,APAXTLA DE CASTREJON,,,REG_RP,PT,2,ANTONIA CUEVAS OCAMPO,2,,,PT
4,12,GUERRERO,20,TELOLOAPAN,6,APAXTLA DE CASTREJON,,,SIND_MR,PT,1,EDITH MARTINEZ CASTILLO,2,,,PT
4,12,GUERRERO,20,TELOLOAPAN,6,APAXTLA DE CASTREJON,,,REG_RP,PAN,2,EVA SOTO SANTANA,2,,,PAN
4,12,GUERRERO,20,TELOLOAPAN,6,APAXTLA DE CASTREJON,,,REG_RP,PT,1,FERMIN OCAMPO SALGADO,1,,,PT
4,12,GUERRERO,20,TELOLOAPAN,6,APAXTLA DE CASTREJON,,,REG_RP,MORENA,1,IVAN JERZY OCAMPO OCAMPO,1,,,MORENA
4,12,GUERRERO,20,TELOLOAPAN,6,APAXTLA DE CASTREJON,,,PRES_MUN,PT,1,JUAN SALGADO SANTANA,1,,,PT
4,12,GUERRERO,20,TELOLOAPAN,6,APAXTLA DE CASTREJON,,,REG_RP,PAN,1,PABLO LAGUNAS VELAZQUEZ,1,CANDIDATURAS DE DISCAPACIDAD,,PAN
4,12,GUERRERO,20,TELOLOAPAN,6,APAXTLA DE CASTREJON,,,REG_RP,MC,1,PATRICIA BRITO GONZALEZ,2,,,MC
4,12,GUERRERO,18,CD ALTAMIRANO,7,ARCELIA,,,REG_RP,PAN_PRI_PRD,1,ADRIAN GUZMAN SANCHEZ,1,,,PRI
4,12,GUERRERO,18,CD ALTAMIRANO,7,ARCELIA,,,PRES_MUN,PAN_PRI_PRD,1,ANGEL BUSTOS MERCADO,1,,,PRI
4,12,GUERRERO,18,CD ALTAMIRANO,7,ARCELIA,,,REG_RP,PAN_PRI_PRD,3,ANTONIO CALDERON VENCES,1,,,PRI
4,12,GUERRERO,18,CD ALTAMIRANO,7,ARCELIA,,,REG_RP,MORENA,3,ASZUCENA SANTAMARIA ONOFRE,2,,,MORENA
4,12,GUERRERO,18,CD ALTAMIRANO,7,ARCELIA,,,REG_RP,MORENA,1,FRANCELIA VARGAS SANTAMARIA,2,,,MORENA
4,12,GUERRERO,18,CD ALTAMIRANO,7,ARCELIA,,,REG_RP,MORENA,2,JOSE ISRAEL APARICIO MORALES,1,,,MORENA
4,12,GUERRERO,18,CD ALTAMIRANO,7,ARCELIA,,,REG_RP,PAN_PRI_PRD,2,KENIA ZENDON MOLINA,2,,,PRI
4,12,GUERRERO,18,CD ALTAMIRANO,7,ARCELIA,,,SIND_MR,PAN_PRI_PRD,1,MA DE LOS ANGELES TELIZ ADAME,2,,,PRI
4,12,GUERRERO,18,CD ALTAMIRANO,7,ARCELIA,,,REG_RP,PAN_PRI_PRD,4,MA GUADALUPE ALVARADO OCAMPO,2,,,PRI
4,12,GUERRERO,18,CD ALTAMIRANO,7,ARCELIA,,,REG_RP,MORENA,4,ROBERTO TEPEPEXTECO HIPOLITO,1,CANDIDATURAS DE DISCAPACIDAD,,MORENA
4,12,GUERRERO,23,CIUDAD DE HUITZUCO,8,ATENANGO DEL RIO,,,REG_RP,PT,3,DAVID BENEGAS OCAMPO,1,CANDIDATURAS DE DISCAPACIDAD,,PT
4,12,GUERRERO,23,CIUDAD DE HUITZUCO,8,ATENANGO DEL RIO,,,PRES_MUN,PT,1,EMMANUEL GUEVARA CARDENAS,1,CANDIDATURAS INDIGENAS,,PT
4,12,GUERRERO,23,CIUDAD DE HUITZUCO,8,ATENANGO DEL RIO,,,REG_RP,MORENA,3,INES JULIAN SANTIAGO,2,CANDIDATURAS INDIGENAS,,MORENA
4,12,GUERRERO,23,CIUDAD DE HUITZUCO,8,ATENANGO DEL RIO,,,REG_RP,PT,2,ITALUBY SANCHEZ CASTRO,2,,,PT
4,12,GUERRERO,23,CIUDAD DE HUITZUCO,8,ATENANGO DEL RIO,,,REG_RP,PT,1,JAVIER MARBAN SANCHEZ,1,CANDIDATURAS INDIGENAS,,PT
4,12,GUERRERO,23,CIUDAD DE HUITZUCO,8,ATENANGO DEL RIO,,,REG_RP,MORENA,1,KAREN MARBAN GARCIA,2,CANDIDATURAS INDIGENAS,,MORENA
4,12,GUERRERO,23,CIUDAD DE HUITZUCO,8,ATENANGO DEL RIO,,,SIND_MR,PT,1,LISSETTE SANCHEZ MATEOS,2,CANDIDATURAS INDIGENAS,,PT
4,12,GUERRERO,23,CIUDAD DE HUITZUCO,8,ATENANGO DEL RIO,,,REG_RP,MORENA,2,SANDRO CARRETO PEREZ ,1,CANDIDATURAS INDIGENAS,,MORENA
4,12,GUERRERO,28,SAN LUIS ACATLAN,9,ATLAMAJALCINGO DEL MONTE,,,REG_RP,PT,2,AZUCENA REYES ESPINOBARROS,2,CANDIDATURAS INDIGENAS,,PT
4,12,GUERRERO,28,SAN LUIS ACATLAN,9,ATLAMAJALCINGO DEL MONTE,,,REG_RP,MORENA,1,DIONICIO REYES LIBRADO,1,CANDIDATURAS INDIGENAS,,MORENA
4,12,GUERRERO,28,SAN LUIS ACATLAN,9,ATLAMAJALCINGO DEL MONTE,,,SIND_MR,PT,1,ESTELA COMONFORT BRUNO,2,CANDIDATURAS INDIGENAS,,PT
4,12,GUERRERO,28,SAN LUIS ACATLAN,9,ATLAMAJALCINGO DEL MONTE,,,PRES_MUN,PT,1,EULALIO MADRID SIMON,1,CANDIDATURAS INDIGENAS,,PT
4,12,GUERRERO,28,SAN LUIS ACATLAN,9,ATLAMAJALCINGO DEL MONTE,,,REG_RP,PRD,1,HOMERO VIVAR JUAREZ,1,CANDIDATURAS INDIGENAS,,PRD
4,12,GUERRERO,28,SAN LUIS ACATLAN,9,ATLAMAJALCINGO DEL MONTE,,,REG_RP,PRD,2,NELZI GARCIA FLORENTINO,2,CANDIDATURAS INDIGENAS,,PRD
4,12,GUERRERO,28,SAN LUIS ACATLAN,9,ATLAMAJALCINGO DEL MONTE,,,REG_RP,PT,1,RICARDO MADERO BONILLA,1,CANDIDATURAS INDIGENAS,,PT
4,12,GUERRERO,28,SAN LUIS ACATLAN,9,ATLAMAJALCINGO DEL MONTE,,,REG_RP,MORENA,2,YOLANDA LUNA BONILLA,2,CANDIDATURAS INDIGENAS,,MORENA
4,12,GUERRERO,26,OLINALA,10,ATLIXTAC,,,REG_RP,PRD,1,ALFREDO BALTAZAR CANTU,1,CANDIDATURAS INDIGENAS,,PRD
4,12,GUERRERO,26,OLINALA,10,ATLIXTAC,,,REG_RP,MORENA,2,BALERIANO ABELINO BAUTISTA,1,CANDIDATURAS INDIGENAS,,MORENA
4,12,GUERRERO,26,OLINALA,10,ATLIXTAC,,,REG_RP,PVEM,2,CELINA FLORENTINO CABRERA,2,CANDIDATURAS INDIGENAS,,PVEM
4,12,GUERRERO,26,OLINALA,10,ATLIXTAC,,,REG_RP,PVEM,4,GEORGINA GARCIA AGUILAR,2,CANDIDATURAS DE DISCAPACIDAD,,PVEM
4,12,GUERRERO,26,OLINALA,10,ATLIXTAC,,,REG_RP,PVEM,3,GERARDO MARGARITO MATEOS,1,CANDIDATURAS INDIGENAS,,PVEM
4,12,GUERRERO,26,OLINALA,10,ATLIXTAC,,,PRES_MUN,PVEM,1,GUILLERMO MATIAS MARRON,1,CANDIDATURAS INDIGENAS,,PVEM
4,12,GUERRERO,26,OLINALA,10,ATLIXTAC,,,REG_RP,PRD,2,JULIA HERNANDEZ GONZALEZ,2,CANDIDATURAS INDIGENAS,,PRD
4,12,GUERRERO,26,OLINALA,10,ATLIXTAC,,,REG_RP,MORENA,1,LORENA DE LA CRUZ ARREAGA,2,CANDIDATURAS INDIGENAS,,MORENA
4,12,GUERRERO,26,OLINALA,10,ATLIXTAC,,,SIND_MR,PVEM,1,MARIA DEL CARMEN HERNANDEZ CASTRO,2,CANDIDATURAS INDIGENAS,,PVEM
4,12,GUERRERO,26,OLINALA,10,ATLIXTAC,,,REG_RP,PVEM,1,MELQUIADES DIRCIO GUTIERREZ,1,CANDIDATURAS INDIGENAS,,PVEM
4,12,GUERRERO,10,TECPAN DE GALEANA,11,ATOYAC DE ALVAREZ,,,REG_RP,PT,1,ARTURO RIOS MORALES,1,,,PT
4,12,GUERRERO,10,TECPAN DE GALEANA,11,ATOYAC DE ALVAREZ,,,REG_RP,PVEM,1,AZUCENA MORALES SANCHEZ ,2,,,PVEM
4,12,GUERRERO,10,TECPAN DE GALEANA,11,ATOYAC DE ALVAREZ,,,PRES_MUN,MORENA,1,CLARA ELIZABETH BELLO RIOS,2,,,MORENA
4,12,GUERRERO,10,TECPAN DE GALEANA,11,ATOYAC DE ALVAREZ,,,REG_RP,PRI,1,EDDIE MARTIN TABAREZ GALLEGOS,1,,,PRI
4,12,GUERRERO,10,TECPAN DE GALEANA,11,ATOYAC DE ALVAREZ,,,REG_RP,MORENA,2,GERARDO SANDOVAL GUZMAN,1,,,MORENA
4,12,GUERRERO,10,TECPAN DE GALEANA,11,ATOYAC DE ALVAREZ,,,REG_RP,PES,1,JAIME GUTIERREZ SOTELO,1,,,PES
4,12,GUERRERO,10,TECPAN DE GALEANA,11,ATOYAC DE ALVAREZ,,,SIND_MR,MORENA,1,JULIO CESAR SANCHEZ DE LA VEGA,1,,,MORENA
4,12,GUERRERO,10,TECPAN DE GALEANA,11,ATOYAC DE ALVAREZ,,,REG_RP,MORENA,3,MA GUADALUPE GALEANA ROMAN,2,CANDIDATURAS DE DISCAPACIDAD,,MORENA
4,12,GUERRERO,10,TECPAN DE GALEANA,11,ATOYAC DE ALVAREZ,,,REG_RP,PRI,2,MA GUADALUPE ASTUDILLO MORALES,2,,,PRI
4,12,GUERRERO,10,TECPAN DE GALEANA,11,ATOYAC DE ALVAREZ,,,REG_RP,MORENA,1,MARIA ENGRACIA RADILLA FIERRO,2,,,MORENA
4,12,GUERRERO,15,CRUZ GRANDE,13,AZOYU,,,REG_RP,PAN,1,EMILIANO SANTIAGO HERNANDEZ,1,,,PAN
4,12,GUERRERO,15,CRUZ GRANDE,13,AZOYU,,,REG_RP,PRI,1,FRANCISCO JUSTO REYES,1,CANDIDATURAS INDIGENAS,,PRI
4,12,GUERRERO,15,CRUZ GRANDE,13,AZOYU,,,REG_RP,MORENA,1,JUAN CARLOS RUIZ VIDAL,1,,,MORENA
4,12,GUERRERO,15,CRUZ GRANDE,13,AZOYU,,,PRES_MUN,PAN_PRI_PRD,1,LUIS JUSTO BAUTISTA,1,,,PRD
4,12,GUERRERO,15,CRUZ GRANDE,13,AZOYU,,,REG_RP,PRI,2,MARIA LUISA SORIANO HERNANDEZ,2,,,PRI
4,12,GUERRERO,15,CRUZ GRANDE,13,AZOYU,,,REG_RP,MORENA,2,TERESA MARTINEZ HERNANDEZ,2,,,MORENA
4,12,GUERRERO,15,CRUZ GRANDE,13,AZOYU,,,SIND_MR,PAN_PRI_PRD,1,YANET LIBORIO VENANCIO,2,,,PRD
4,12,GUERRERO,15,CRUZ GRANDE,13,AZOYU,,,REG_RP,PRI,4,ZURISADAI DOMINGUEZ GARZON,2,,,PRI
4,12,GUERRERO,10,TECPAN DE GALEANA,14,BENITO JUAREZ,,,REG_RP,MORENA,1,ABEL TANDY GARCIA,1,,,MORENA
4,12,GUERRERO,10,TECPAN DE GALEANA,14,BENITO JUAREZ,,,SIND_MR,PT,1,GUADALUPE GARCIA DIEGO,2,,,PT
4,12,GUERRERO,10,TECPAN DE GALEANA,14,BENITO JUAREZ,,,REG_RP,PT,1,JOSE CARLOS HERNANDEZ VICENCIO,1,,,PT
4,12,GUERRERO,10,TECPAN DE GALEANA,14,BENITO JUAREZ,,,PRES_MUN,PT,1,JUAN CARLOS AGUILAR SANDOVAL,1,,,PT
4,12,GUERRERO,10,TECPAN DE GALEANA,14,BENITO JUAREZ,,,REG_RP,MC,1,PATRICIA SOLIS DIAS,2,,,MC
4,12,GUERRERO,10,TECPAN DE GALEANA,14,BENITO JUAREZ,,,REG_RP,PVEM,1,RAUL JUAREZ VARGAS,1,,,PVEM
4,12,GUERRERO,10,TECPAN DE GALEANA,14,BENITO JUAREZ,,,REG_RP,PRI,1,SANTA MEJIA SAUCEDO,2,,,PRI
4,12,GUERRERO,10,TECPAN DE GALEANA,14,BENITO JUAREZ,,,REG_RP,PAN,1,VERONICA FLORES DE LA CRUZ,2,,,PAN
4,12,GUERRERO,23,CIUDAD DE HUITZUCO,15,BUENAVISTA DE CUELLAR,,,REG_RP,MORENA,1,ANAHI BRISEIDA TABOADA DELGADO,2,,,MORENA
4,12,GUERRERO,23,CIUDAD DE HUITZUCO,15,BUENAVISTA DE CUELLAR,,,REG_RP,PVEM,1,BERTIN GONZALEZ BERNAL,1,,,PVEM
4,12,GUERRERO,23,CIUDAD DE HUITZUCO,15,BUENAVISTA DE CUELLAR,,,REG_RP,MLGRO,1,EDU JARDEL CARDENAS SALAZAR,1,,,MLGRO
4,12,GUERRERO,23,CIUDAD DE HUITZUCO,15,BUENAVISTA DE CUELLAR,,,SIND_MR,PT,1,HUGO LANDA ELIZALDE,1,,,PT
4,12,GUERRERO,23,CIUDAD DE HUITZUCO,15,BUENAVISTA DE CUELLAR,,,REG_RP,PT,1,LETICIA RIVERA TOLENTINO,2,,,PT
4,12,GUERRERO,23,CIUDAD DE HUITZUCO,15,BUENAVISTA DE CUELLAR,,,REG_RP,PBG,2,LIZBETH BOTELLO VILLALBA,2,,,PBG
4,12,GUERRERO,23,CIUDAD DE HUITZUCO,15,BUENAVISTA DE CUELLAR,,,PRES_MUN,PT,1,MA DOLORES NAVA BENITEZ,2,,,PT
4,12,GUERRERO,23,CIUDAD DE HUITZUCO,15,BUENAVISTA DE CUELLAR,,,REG_RP,PAN,1,SANTIAGO VELASCO OCAMPO,1,,,PAN
4,12,GUERRERO,12,ZIHUATANEJO,16,COAHUAYUTLA DE JOSE MARIA IZAZAGA,,,REG_RP,PRD,1,FLAVIO SANCHEZ PEÑALOZA,1,,,PRD
4,12,GUERRERO,12,ZIHUATANEJO,16,COAHUAYUTLA DE JOSE MARIA IZAZAGA,,,REG_RP,PVEM,1,GLEIS AMARANTA SUAZO PEREZ,2,,,PVEM
4,12,GUERRERO,12,ZIHUATANEJO,16,COAHUAYUTLA DE JOSE MARIA IZAZAGA,,,PRES_MUN,MORENA,1,JOVANI MARTINEZ MENERA,1,,,MORENA
4,12,GUERRERO,12,ZIHUATANEJO,16,COAHUAYUTLA DE JOSE MARIA IZAZAGA,,,SIND_MR,MORENA,1,MELA MONTAÑO MONTAÑO,2,,,MORENA
4,12,GUERRERO,12,ZIHUATANEJO,16,COAHUAYUTLA DE JOSE MARIA IZAZAGA,,,REG_RP,MORENA,1,OLIVEN MENDOZA VALDOVINOS,1,,,MORENA
4,12,GUERRERO,12,ZIHUATANEJO,16,COAHUAYUTLA DE JOSE MARIA IZAZAGA,,,REG_RP,MORENA,3,RAUL LEYVA BLANCO,1,CANDIDATURAS DE LA DIVERSIDAD SEXUAL,,MORENA
4,12,GUERRERO,12,ZIHUATANEJO,16,COAHUAYUTLA DE JOSE MARIA IZAZAGA,,,REG_RP,MORENA,2,ROSA ELIA RIOS CRUZ,2,,,MORENA
4,12,GUERRERO,12,ZIHUATANEJO,16,COAHUAYUTLA DE JOSE MARIA IZAZAGA,,,REG_RP,PRD,2,ROSA ISELA FIGUEROA MORENO,2,,,PRD
4,12,GUERRERO,20,TELOLOAPAN,17,COCULA,,,REG_RP,PRI,1,ALBERTO VELAZQUEZ LOPEZ,1,,,PRI
4,12,GUERRERO,20,TELOLOAPAN,17,COCULA,,,REG_RP,MORENA,1,DIANA TORRES CRESPO,2,,,MORENA
4,12,GUERRERO,20,TELOLOAPAN,17,COCULA,,,REG_RP,MORENA,2,GALDINO BUSTAMANTE ROMAN,1,,,MORENA
4,12,GUERRERO,20,TELOLOAPAN,17,COCULA,,,REG_RP,PRI,3,LAZARO FRUCTUOSO CRUZ,1,,,PRI
4,12,GUERRERO,20,TELOLOAPAN,17,COCULA,,,REG_RP,PRI,2,MARIBEL LEONIDES SEGURA,2,,,PRI
4,12,GUERRERO,20,TELOLOAPAN,17,COCULA,,,REG_RP,PRD,1,MARICELA CASTRO CHAVARRIETA,2,,,PRD
4,12,GUERRERO,20,TELOLOAPAN,17,COCULA,,,SIND_MR,PAN_PRI_PRD,1,MATILDE ARMENTA VILLEGAS,2,,,PRI
4,12,GUERRERO,20,TELOLOAPAN,17,COCULA,,,PRES_MUN,PAN_PRI_PRD,1,RAYMOND ROMAN ALARCON,1,,,PRI
4,12,GUERRERO,15,CRUZ GRANDE,18,COPALA,,,REG_RP,MA,2,ANGELICA VILLEDA GUERRERO,2,CANDIDATURAS AFROMEXICANAS,,MA
4,12,GUERRERO,15,CRUZ GRANDE,18,COPALA,,,REG_RP,PBG,2,BELEN NIÑO MORALES,2,CANDIDATURAS AFROMEXICANAS,,PBG
4,12,GUERRERO,15,CRUZ GRANDE,18,COPALA,,,SIND_MR,MA,1,BLANCA ESTELA CASTREJON ROMERO,2,CANDIDATURAS AFROMEXICANAS,,MA
4,12,GUERRERO,15,CRUZ GRANDE,18,COPALA,,,REG_RP,MORENA,2,CLARISA DAMIAN GALLARDO,2,CANDIDATURAS AFROMEXICANAS,,MORENA
4,12,GUERRERO,15,CRUZ GRANDE,18,COPALA,,,REG_RP,MA,1,GUILLERMO RIOS MARIN,1,CANDIDATURAS AFROMEXICANAS,,MA
4,12,GUERRERO,15,CRUZ GRANDE,18,COPALA,,,REG_RP,PBG,1,JESUS MANUEL CESPEDES LORENZO,1,CANDIDATURAS AFROMEXICANAS,,PBG
4,12,GUERRERO,15,CRUZ GRANDE,18,COPALA,,,PRES_MUN,MA,1,SALVADOR VILLALVA FLORES,1,CANDIDATURAS AFROMEXICANAS,,MA
4,12,GUERRERO,15,CRUZ GRANDE,18,COPALA,,,REG_RP,MORENA,1,SERGIO BETANCOURT BALBUENA,1,CANDIDATURAS AFROMEXICANAS,,MORENA
4,12,GUERRERO,23,CIUDAD DE HUITZUCO,19,COPALILLO,,,REG_RP,PES,1,BONIFACIO BACIO JIMENEZ,1,CANDIDATURAS INDIGENAS,,PES
4,12,GUERRERO,23,CIUDAD DE HUITZUCO,19,COPALILLO,,,REG_RP,MLGRO,1,EDEN GONZALEZ CASTRO,1,CANDIDATURAS INDIGENAS,,MLGRO
4,12,GUERRERO,23,CIUDAD DE HUITZUCO,19,COPALILLO,,,REG_RP,PAN,1,ELBA SANCHEZ PASCUAL,2,CANDIDATURAS INDIGENAS,,PAN
4,12,GUERRERO,23,CIUDAD DE HUITZUCO,19,COPALILLO,,,REG_RP,PVEM,1,FLORENTINO JUAN GUTIERREZ,1,CANDIDATURAS INDIGENAS,,PVEM
4,12,GUERRERO,23,CIUDAD DE HUITZUCO,19,COPALILLO,,,REG_RP,PSG,1,GRISCELDA LUCIANO JIMENEZ,2,CANDIDATURAS INDIGENAS,,PSG
4,12,GUERRERO,23,CIUDAD DE HUITZUCO,19,COPALILLO,,,PRES_MUN,PSG,1,JESUS LINARES TRINIDAD,1,CANDIDATURAS INDIGENAS,,PSG
4,12,GUERRERO,23,CIUDAD DE HUITZUCO,19,COPALILLO,,,REG_RP,MORENA,1,MANJURY JATZIRY DIAZ IBARRA,2,CANDIDATURAS INDIGENAS,,MORENA
4,12,GUERRERO,23,CIUDAD DE HUITZUCO,19,COPALILLO,,,SIND_MR,PSG,1,ROBERTA SANCHEZ FELIX,2,CANDIDATURAS INDIGENAS,,PSG
4,12,GUERRERO,26,OLINALA,20,COPANATOYAC,,,REG_RP,MC,1,AURELIO MORALES LUNA,1,CANDIDATURAS INDIGENAS,,MC
4,12,GUERRERO,26,OLINALA,20,COPANATOYAC,,,PRES_MUN,PT_PVEM_MORENA,1,CONSTANCIO SANCHEZ CAMPOS,1,CANDIDATURAS INDIGENAS,,MORENA
4,12,GUERRERO,26,OLINALA,20,COPANATOYAC,,,SIND_MR,PT_PVEM_MORENA,1,FLORENCIA ARCE CAMPOS,2,CANDIDATURAS INDIGENAS,,MORENA
4,12,GUERRERO,26,OLINALA,20,COPANATOYAC,,,REG_RP,PRI,2,FRANCISCA LEON GALVEZ,2,CANDIDATURAS INDIGENAS,,PRI
4,12,GUERRERO,26,OLINALA,20,COPANATOYAC,,,REG_RP,PRD,1,LUCIA GUADALUPE SILVA FLORES,2,CANDIDATURAS INDIGENAS,,PRD
4,12,GUERRERO,26,OLINALA,20,COPANATOYAC,,,REG_RP,MORENA,2,MA AGUSTINA VILLARREAL DECIDERIO,2,CANDIDATURAS INDIGENAS,,MORENA
4,12,GUERRERO,26,OLINALA,20,COPANATOYAC,,,REG_RP,PRI,1,POLICARPO GARCIA SANCHEZ,1,CANDIDATURAS INDIGENAS,,PRI
4,12,GUERRERO,26,OLINALA,20,COPANATOYAC,,,REG_RP,MORENA,1,IVAY BONIFACIO RODRIGUEZ ROJAS,1,CANDIDATURAS INDIGENAS,,MORENA
4,12,GUERRERO,8,ACAPULCO,21,COYUCA DE BENITEZ,,,REG_RP,PVEM,1,AURORA NAYELLI FLORES CARMONA,2,,,PVEM
4,12,GUERRERO,8,ACAPULCO,21,COYUCA DE BENITEZ,,,REG_RP,MORENA,2,CESARINA GUINTO RIOS,2,,,MORENA
4,12,GUERRERO,8,ACAPULCO,21,COYUCA DE BENITEZ,,,SIND_MR,MORENA,1,HEIDI KARINA ARIZA SALINAS,2,,,MORENA
4,12,GUERRERO,8,ACAPULCO,21,COYUCA DE BENITEZ,,,REG_RP,MORENA,1,JONATHAN VILLA DIEGO,1,,,MORENA
4,12,GUERRERO,8,ACAPULCO,21,COYUCA DE BENITEZ,,,REG_RP,PRI,1,LUCIO DE LA CRUZ BARBOSA,1,,,PRI
4,12,GUERRERO,8,ACAPULCO,21,COYUCA DE BENITEZ,,,REG_RP,PT,1,MARTIN JULIAN VAZQUEZ,1,,,PT
4,12,GUERRERO,8,ACAPULCO,21,COYUCA DE BENITEZ,,,REG_RP,MORENA,4,MIRIAM ALEJANDRA RONDIN ARIZA,2,CANDIDATURAS DE DISCAPACIDAD,,MORENA
4,12,GUERRERO,8,ACAPULCO,21,COYUCA DE BENITEZ,,,REG_RP,PRD,1,RODRIGO LEONARDO LOZANO,1,,,PRD
4,12,GUERRERO,8,ACAPULCO,21,COYUCA DE BENITEZ,,,REG_RP,PRI,2,ROSI LUGARDO LUNA,2,,,PRI
4,12,GUERRERO,8,ACAPULCO,21,COYUCA DE BENITEZ,,,PRES_MUN,MORENA,1,VICTOR HUGO CATALAN DIAZ,1,,,MORENA
4,12,GUERRERO,17,COYUCA,22,COYUCA DE CATALAN,,,REG_RP,PRI,2,ALFONSO MANJARREZ CHAVEZ,1,,,PRI
4,12,GUERRERO,17,COYUCA,22,COYUCA DE CATALAN,,,REG_RP,PRD,4,DAVID MOJICA VIVAS,1,,,PRD
4,12,GUERRERO,17,COYUCA,22,COYUCA DE CATALAN,,,REG_RP,PRD,3,DULCE LILIANA MALDONADO PINEDA,2,,,PRD
4,12,GUERRERO,17,COYUCA,22,COYUCA DE CATALAN,,,REG_RP,MORENA,1,ELENA BLANCAS ALONSO ,2,,,MORENA
4,12,GUERRERO,17,COYUCA,22,COYUCA DE CATALAN,,,SIND_MR,PAN_PRI_PRD,1,FERNANDO FLORES DIAZ,1,,,PRD
4,12,GUERRERO,17,COYUCA,22,COYUCA DE CATALAN,,,REG_RP,PRD,2,GUILLERMO LEON GONZALEZ,1,,,PRD
4,12,GUERRERO,17,COYUCA,22,COYUCA DE CATALAN,,,PRES_MUN,PAN_PRI_PRD,1,MA ESBEYDI ECHEVERRIA GARCIA,2,,,PRD
4,12,GUERRERO,17,COYUCA,22,COYUCA DE CATALAN,,,REG_RP,PRI,1,PALOMA SANDOVAL ARROYO,2,,,PRI
4,12,GUERRERO,17,COYUCA,22,COYUCA DE CATALAN,,,REG_RP,MORENA,2,RAMON PALACIOS SERRANO,1,,,MORENA
4,12,GUERRERO,17,COYUCA,22,COYUCA DE CATALAN,,,REG_RP,PRD,1,YEIMY GONZALEZ DIAZ,2,,,PRD
4,12,GUERRERO,15,CRUZ GRANDE,23,CUAJINICUILAPA,,,REG_RP,MORENA,1,ANTONIO MENDOZA VAZQUEZ,1,CANDIDATURAS AFROMEXICANAS,,MORENA
4,12,GUERRERO,15,CRUZ GRANDE,23,CUAJINICUILAPA,,,SIND_MR,PVEM,1,ESTEPHANI OLIVA ZARATE,2,CANDIDATURAS AFROMEXICANAS,,PVEM
4,12,GUERRERO,15,CRUZ GRANDE,23,CUAJINICUILAPA,,,REG_RP,PVEM,1,FELIX GIL CALLEJA DIAZ,1,CANDIDATURAS AFROMEXICANAS,,PVEM
4,12,GUERRERO,15,CRUZ GRANDE,23,CUAJINICUILAPA,,,REG_RP,PRI,1,HIGINIO CANDIDO AVILA GUZMAN,1,CANDIDATURAS AFROMEXICANAS,,PRI
4,12,GUERRERO,15,CRUZ GRANDE,23,CUAJINICUILAPA,,,PRES_MUN,PVEM,1,HILDEBERTO SALINAS MARICHE,1,CANDIDATURAS AFROMEXICANAS,,PVEM
4,12,GUERRERO,15,CRUZ GRANDE,23,CUAJINICUILAPA,,,REG_RP,PVEM,2,JUDITH LOPEZ MARTINEZ,2,CANDIDATURAS AFROMEXICANAS,,PVEM
4,12,GUERRERO,15,CRUZ GRANDE,23,CUAJINICUILAPA,,,REG_RP,PVEM,4,MARISOL GARCIA ALARCON,2,CANDIDATURAS AFROMEXICANAS,,PVEM
4,12,GUERRERO,15,CRUZ GRANDE,23,CUAJINICUILAPA,,,REG_RP,PRI,2,UBALDA SOLANO CORTEZ,2,CANDIDATURAS AFROMEXICANAS,,PRI
4,12,GUERRERO,26,OLINALA,24,CUALAC,,,SIND_MR,PT_PVEM_MORENA,1,ANGEL ARRIAGA ROMANO,1,CANDIDATURAS INDIGENAS,,PT
4,12,GUERRERO,26,OLINALA,24,CUALAC,,,REG_RP,PRI,1,DIONICIO CARRASCO MORALES ,1,CANDIDATURAS INDIGENAS,,PRI
4,12,GUERRERO,26,OLINALA,24,CUALAC,,,REG_RP,PBG,1,EDITH FLORES REYES,2,CANDIDATURAS INDIGENAS,,PBG
4,12,GUERRERO,26,OLINALA,24,CUALAC,,,REG_RP,MORENA,1,HERLINDA HERRERA GALVEZ,2,CANDIDATURAS INDIGENAS,,MORENA
4,12,GUERRERO,26,OLINALA,24,CUALAC,,,REG_RP,PT,1,HILARIA MELCHOR BERNARDINO,2,CANDIDATURAS INDIGENAS,,PT
4,12,GUERRERO,26,OLINALA,24,CUALAC,,,REG_RP,PVEM,1,HORTENCIA APREZA VERGARA,2,CANDIDATURAS INDIGENAS,,PVEM
4,12,GUERRERO,26,OLINALA,24,CUALAC,,,PRES_MUN,PT_PVEM_MORENA,1,JESSICA MORENO NAJERA,2,CANDIDATURAS INDIGENAS,,PT
4,12,GUERRERO,26,OLINALA,24,CUALAC,,,REG_RP,PRI,2,MINERVA SANCHEZ ORTEGA,2,CANDIDATURAS INDIGENAS,,PRI
4,12,GUERRERO,15,CRUZ GRANDE,25,CUAUTEPEC,,,REG_RP,PVEM,1,BASILIO MOCTEZUMA GODINEZ,1,,,PVEM
4,12,GUERRERO,15,CRUZ GRANDE,25,CUAUTEPEC,,,REG_RP,PT,2,BELLA LUZ BENITO BAUTISTA,2,,,PT
4,12,GUERRERO,15,CRUZ GRANDE,25,CUAUTEPEC,,,PRES_MUN,PT,1,DAGOBERTO GUTIERREZ DOMINGUEZ,1,,,PT
4,12,GUERRERO,15,CRUZ GRANDE,25,CUAUTEPEC,,,REG_RP,MORENA,1,EFREN CARRILLO GONZALEZ,1,,,MORENA
4,12,GUERRERO,15,CRUZ GRANDE,25,CUAUTEPEC,,,REG_RP,PT,2,ELIZABETH GONZALEZ RAMIREZ,2,,,PT
4,12,GUERRERO,15,CRUZ GRANDE,25,CUAUTEPEC,,,SIND_MR,PT,1,LORENA ROMAN APARICIO,2,,,PT
4,12,GUERRERO,15,CRUZ GRANDE,25,CUAUTEPEC,,,REG_RP,MORENA,2,MAYRA ARMENTA VILLALPANDO,2,,,MORENA
4,12,GUERRERO,15,CRUZ GRANDE,25,CUAUTEPEC,,,REG_RP,PRI,1,WILMER MERCED GOMEZ CHONA,1,,,PRI
4,12,GUERRERO,20,TELOLOAPAN,26,CUETZALA DEL PROGRESO,,,REG_RP,PRI,1,ALBERTA ARTEAGA LUNA,2,CANDIDATURAS INDIGENAS,,PRI
4,12,GUERRERO,20,TELOLOAPAN,26,CUETZALA DEL PROGRESO,,,REG_RP,MORENA,2,ANGELA DAMACIO TAMPA,2,CANDIDATURAS INDIGENAS,,MORENA
4,12,GUERRERO,20,TELOLOAPAN,26,CUETZALA DEL PROGRESO,,,REG_RP,MORENA,1,ARMANDO SEGURA DEL PILAR,1,CANDIDATURAS INDIGENAS,,MORENA
4,12,GUERRERO,20,TELOLOAPAN,26,CUETZALA DEL PROGRESO,,,SIND_MR,PT_PVEM_MORENA,1,AZALIA PINEDA TERAN,2,CANDIDATURAS DE DISCAPACIDAD,,MORENA
4,12,GUERRERO,20,TELOLOAPAN,26,CUETZALA DEL PROGRESO,,,REG_RP,MORENA,3,BANIA KAREN BAIZA APARICIO,2,CANDIDATURAS INDIGENAS,,MORENA
4,12,GUERRERO,20,TELOLOAPAN,26,CUETZALA DEL PROGRESO,,,REG_RP,PRI,2,JORGE PATRICIO OCHOA,1,CANDIDATURAS INDIGENAS,,PRI
4,12,GUERRERO,20,TELOLOAPAN,26,CUETZALA DEL PROGRESO,,,PRES_MUN,PT_PVEM_MORENA,1,JOSE LUIS APARICIO VILLANUEVA,1,CANDIDATURAS DE LA DIVERSIDAD SEXUAL,,MORENA
4,12,GUERRERO,20,TELOLOAPAN,26,CUETZALA DEL PROGRESO,,,REG_RP,PRD,1,OLIVIA NAJERA CATALAN,2,,,PRD
4,12,GUERRERO,18,CD ALTAMIRANO,27,CUTZAMALA DE PINZON,,,REG_RP,PRI,1,ANA MARIA ARROYO VILLAFUERTE,2,,,PRI
4,12,GUERRERO,18,CD ALTAMIRANO,27,CUTZAMALA DE PINZON,,,REG_RP,PRD,1,ANGEL GAONA GAONA,1,,,PRD
4,12,GUERRERO,18,CD ALTAMIRANO,27,CUTZAMALA DE PINZON,,,REG_RP,PRI,2,FELIPE DE JESUS BENITEZ VILLALOBOS,1,,,PRI
4,12,GUERRERO,18,CD ALTAMIRANO,27,CUTZAMALA DE PINZON,,,REG_RP,PVEM,1,MARGARITA MORENO LOPEZ,2,,,PVEM
4,12,GUERRERO,18,CD ALTAMIRANO,27,CUTZAMALA DE PINZON,,,PRES_MUN,PAN_PRI_PRD,1,MAYTE LUCERO ARCE JAIMES,2,,,PRI
4,12,GUERRERO,18,CD ALTAMIRANO,27,CUTZAMALA DE PINZON,,,REG_RP,PRI,3,NEREYDA ESTRADA BENITEZ,2,,,PRI
4,12,GUERRERO,18,CD ALTAMIRANO,27,CUTZAMALA DE PINZON,,,SIND_MR,PAN_PRI_PRD,1,OSCAR RAFAEL LEON BENITEZ,1,,,PRI
4,12,GUERRERO,18,CD ALTAMIRANO,27,CUTZAMALA DE PINZON,,,REG_RP,PRD,2,RUTH NAJERA HERNANDEZ,2,,,PRD
4,12,GUERRERO,25,CHILAPA,28,CHILAPA DE ALVAREZ,,,REG_RP,MORENA,4,ADELFA MARCELO HERNANDEZ,2,CANDIDATURAS INDIGENAS,,MORENA
4,12,GUERRERO,25,CHILAPA,28,CHILAPA DE ALVAREZ,,,SIND_MR,PAN_PRI_PRD,1,CRISTINA VELAZCO SALAZAR ,2,CANDIDATURAS INDIGENAS,,PRI
4,12,GUERRERO,25,CHILAPA,28,CHILAPA DE ALVAREZ,,,REG_RP,MORENA,3,FELIPE HERNANDEZ EMIGDIO,1,CANDIDATURAS DE LA DIVERSIDAD SEXUAL,,MORENA
4,12,GUERRERO,25,CHILAPA,28,CHILAPA DE ALVAREZ,,,REG_RP,PRI,3,FRANCISCO JAVIER GARCIA GARCIA ,1,,,PRI
4,12,GUERRERO,25,CHILAPA,28,CHILAPA DE ALVAREZ,,,REG_RP,PVEM,1,GUILLERMO LOPEZ GARCIA,1,CANDIDATURAS INDIGENAS,,PVEM
4,12,GUERRERO,25,CHILAPA,28,CHILAPA DE ALVAREZ,,,REG_RP,PRI,1,JAVIER LARA DIAZ,1,,,PRI
4,12,GUERRERO,25,CHILAPA,28,CHILAPA DE ALVAREZ,,,REG_RP,PRD,1,JOB ENCARNACION CUENCA,1,CANDIDATURAS INDIGENAS,,PRD
4,12,GUERRERO,25,CHILAPA,28,CHILAPA DE ALVAREZ,,,REG_RP,PRI,4,KAREN ACEVEDO GONZALEZ,2,,,PRI
4,12,GUERRERO,25,CHILAPA,28,CHILAPA DE ALVAREZ,,,PRES_MUN,PAN_PRI_PRD,1,MERCEDES CARBALLO CHINO,2,CANDIDATURAS INDIGENAS,,PRI
4,12,GUERRERO,25,CHILAPA,28,CHILAPA DE ALVAREZ,,,SIND_MR,PAN_PRI_PRD,1,NESTOR PARRA RODRIGUEZ,1,CANDIDATURAS INDIGENAS,,PRI
4,12,GUERRERO,25,CHILAPA,28,CHILAPA DE ALVAREZ,,,REG_RP,PRI,2,ROSA ELENA CHAVELAS GUTIERREZ ,2,,,PRI
4,12,GUERRERO,25,CHILAPA,28,CHILAPA DE ALVAREZ,,,REG_RP,PRI,6,SEBASTIANA OLAN AGUILAR,2,,,PRI
4,12,GUERRERO,25,CHILAPA,28,CHILAPA DE ALVAREZ,,,REG_RP,PRI,5,ALFREDO DE LA CRUZ GUEVARA ,1,CANDIDATURAS DE LA DIVERSIDAD SEXUAL,,PRI
4,12,GUERRERO,25,CHILAPA,28,CHILAPA DE ALVAREZ,,,REG_RP,MORENA,2,VIOLETA XOCHIQUETZAL MIRANDA CASTELLANOS ,2,CANDIDATURAS INDIGENAS,,MORENA
4,12,GUERRERO,25,CHILAPA,28,CHILAPA DE ALVAREZ,,,REG_RP,MORENA,6,JAZMIN ARZATE SANCHEZ ,2,CANDIDATURAS INDIGENAS,,MORENA
4,12,GUERRERO,2,CHILPANCINGO,29,CHILPANCINGO DE LOS BRAVO,,,REG_RP,MC,2,ALEJANDRO ANWAR PERALTA CRUZ,1,,,MC
4,12,GUERRERO,2,CHILPANCINGO,29,CHILPANCINGO DE LOS BRAVO,,,PRES_MUN,PAN_PRI_PRD,1,ALEJANDRO ARCOS CATALAN,1,,,PRI
4,12,GUERRERO,2,CHILPANCINGO,29,CHILPANCINGO DE LOS BRAVO,,,REG_RP,PT,1,BEATRIZ ADRIANA MILLAN MORALES,2,,,PT
4,12,GUERRERO,2,CHILPANCINGO,29,CHILPANCINGO DE LOS BRAVO,,,REG_RP,MC,1,BLANCA ESTHELA NAVA PERALTA,2,,,MC
4,12,GUERRERO,2,CHILPANCINGO,29,CHILPANCINGO DE LOS BRAVO,,,REG_RP,PAN,1,DIANA NATIVIDAD CARBAJAL SANCHEZ,2,,,PAN
4,12,GUERRERO,2,CHILPANCINGO,29,CHILPANCINGO DE LOS BRAVO,,,REG_RP,PRD,2,ERNESTO FRANCO PEREZ,1,,,PRD
4,12,GUERRERO,2,CHILPANCINGO,29,CHILPANCINGO DE LOS BRAVO,,,SIND_MR,PAN_PRI_PRD,1,JACARANDA ARGENTINA SOLIS GUERRERO,2,,,PRI
4,12,GUERRERO,2,CHILPANCINGO,29,CHILPANCINGO DE LOS BRAVO,,,SIND_MR,PAN_PRI_PRD,1,JONATHAN IBAÑEZ RIVERA,1,,,PRI
4,12,GUERRERO,2,CHILPANCINGO,29,CHILPANCINGO DE LOS BRAVO,,,REG_RP,MORENA,1,LIZETH GUADALUPE CALVO SOBERANIS,2,,,MORENA
4,12,GUERRERO,2,CHILPANCINGO,29,CHILPANCINGO DE LOS BRAVO,,,REG_RP,PRI,1,MARIA ADELA HERRERA DE LA O,2,,,PRI
4,12,GUERRERO,2,CHILPANCINGO,29,CHILPANCINGO DE LOS BRAVO,,,REG_RP,PRD,1,MIRIAM ORTEGA JIMENEZ,2,,,PRD
4,12,GUERRERO,2,CHILPANCINGO,29,CHILPANCINGO DE LOS BRAVO,,,REG_RP,MORENA,3,NAHOMY NICOLE CAMBRAY VALDEZ,2,,,MORENA
4,12,GUERRERO,2,CHILPANCINGO,29,CHILPANCINGO DE LOS BRAVO,,,REG_RP,MORENA,2,PAVEL RAYMUNDO CASARRUBIAS SANCHEZ,1,,,MORENA
4,12,GUERRERO,2,CHILPANCINGO,29,CHILPANCINGO DE LOS BRAVO,,,REG_RP,PVEM,1,SULI YANET BELLO SUAREZ,2,,,PVEM
4,12,GUERRERO,2,CHILPANCINGO,29,CHILPANCINGO DE LOS BRAVO,,,REG_RP,PRI,2,VICTOR HUGO SOTO MARTINEZ,1,,,PRI
4,12,GUERRERO,19,ZUMPANGO DEL RIO,30,EDUARDO NERI,,,REG_RP,PRI,1,ALFONSO BERNAL GARCIA,1,,,PRI
4,12,GUERRERO,19,ZUMPANGO DEL RIO,30,EDUARDO NERI,,,REG_RP,MC,1,BERTHA GUADALUPE SALMERON VAZQUEZ,2,CANDIDATURAS INDIGENAS,,MC
4,12,GUERRERO,19,ZUMPANGO DEL RIO,30,EDUARDO NERI,,,REG_RP,MLGRO,1,DAVID JONATHAN NAVA RODRIGUEZ,1,CANDIDATURAS DE DISCAPACIDAD,,MLGRO
4,12,GUERRERO,19,ZUMPANGO DEL RIO,30,EDUARDO NERI,,,REG_RP,PRD,1,JESUS BASILIO GOYTIA,1,,,PRD
4,12,GUERRERO,19,ZUMPANGO DEL RIO,30,EDUARDO NERI,,,SIND_MR,PT_PVEM_MORENA,1,JOSE LUIS RENDON CASTAÑON,1,CANDIDATURAS INDIGENAS,,PT
4,12,GUERRERO,19,ZUMPANGO DEL RIO,30,EDUARDO NERI,,,REG_RP,MORENA,1,PERLA CARMONA LUEVANOS,2,CANDIDATURAS INDIGENAS,,MORENA
4,12,GUERRERO,19,ZUMPANGO DEL RIO,30,EDUARDO NERI,,,REG_RP,PT,2,RODRIGO JIMENEZ RENDON,1,CANDIDATURAS INDIGENAS,,PT
4,12,GUERRERO,19,ZUMPANGO DEL RIO,30,EDUARDO NERI,,,PRES_MUN,PT_PVEM_MORENA,1,SARA SALINAS BRAVO,2,CANDIDATURAS INDIGENAS,,PT
4,12,GUERRERO,19,ZUMPANGO DEL RIO,30,EDUARDO NERI,,,REG_RP,PVEM,1,SARAHI DEL CARMEN LEYVA AYALA,2,,,PVEM
4,12,GUERRERO,19,ZUMPANGO DEL RIO,30,EDUARDO NERI,,,REG_RP,PT,1,SARITA PARRA NAVA,2,,,PT
4,12,GUERRERO,15,CRUZ GRANDE,31,FLORENCIO VILLARREAL,,,REG_RP,PES,2,GUADALUPE MEZA NAVA,2,CANDIDATURAS AFROMEXICANAS,,PES
4,12,GUERRERO,15,CRUZ GRANDE,31,FLORENCIO VILLARREAL,,,REG_RP,PRD,1,GUALBERTO MOLINA JACINTO,1,CANDIDATURAS AFROMEXICANAS,,PRD
4,12,GUERRERO,15,CRUZ GRANDE,31,FLORENCIO VILLARREAL,,,REG_RP,MORENA,1,KARLOS EDUARDO RAMIREZ ADAME,1,CANDIDATURAS AFROMEXICANAS,,MORENA
4,12,GUERRERO,15,CRUZ GRANDE,31,FLORENCIO VILLARREAL,,,SIND_MR,PES,1,MARIA DEL ROSARIO PAVON CRUZ,2,CANDIDATURAS AFROMEXICANAS,,PES
4,12,GUERRERO,15,CRUZ GRANDE,31,FLORENCIO VILLARREAL,,,REG_RP,MC,1,RAFAEL ACEVEDO AGUILAR,1,CANDIDATURAS AFROMEXICANAS,,MC
4,12,GUERRERO,15,CRUZ GRANDE,31,FLORENCIO VILLARREAL,,,PRES_MUN,PES,1,RODOLFO ARRASOLA MARTINEZ,1,CANDIDATURAS AFROMEXICANAS,,PES
4,12,GUERRERO,15,CRUZ GRANDE,31,FLORENCIO VILLARREAL,,,REG_RP,PES,4,SONIA HERNANDEZ FIGUEROA,2,CANDIDATURAS AFROMEXICANAS,,PES
4,12,GUERRERO,15,CRUZ GRANDE,31,FLORENCIO VILLARREAL,,,REG_RP,PRD,2,YOLANDA MONTOYA LORENZO,2,CANDIDATURAS AFROMEXICANAS,,PRD
4,12,GUERRERO,20,TELOLOAPAN,32,GENERAL CANUTO A. NERI,,,REG_RP,MC,3,BLAS PEÑA CAMBRAY,1,,,MC
4,12,GUERRERO,20,TELOLOAPAN,32,GENERAL CANUTO A. NERI,,,PRES_MUN,MC,1,ELEUTERIO ARANDA SALGADO,1,,,MC
4,12,GUERRERO,20,TELOLOAPAN,32,GENERAL CANUTO A. NERI,,,REG_RP,MC,2,KAROLINA TECLA AGUILAR,2,,,MC
4,12,GUERRERO,20,TELOLOAPAN,32,GENERAL CANUTO A. NERI,,,REG_RP,MORENA,1,MARIA MAGDALENA MOLINA GIL,2,,,MORENA
4,12,GUERRERO,20,TELOLOAPAN,32,GENERAL CANUTO A. NERI,,,REG_RP,MORENA,2,PEDRO ZAVALETA RAMIREZ,1,,,MORENA
4,12,GUERRERO,20,TELOLOAPAN,32,GENERAL CANUTO A. NERI,,,REG_RP,MORENA,3,PERLA YANIN VILLALOBOS BAHENA,2,CANDIDATURAS DE LA DIVERSIDAD SEXUAL,,MORENA
4,12,GUERRERO,20,TELOLOAPAN,32,GENERAL CANUTO A. NERI,,,REG_RP,MC,1,URIEL MORALES SALGADO,1,,,MC
4,12,GUERRERO,20,TELOLOAPAN,32,GENERAL CANUTO A. NERI,,,SIND_MR,MC,1,VALENTINA ALMAZAN MORALES,2,,,MC
4,12,GUERRERO,19,ZUMPANGO DEL RIO,33,GENERAL HELIODORO CASTILLO,,,PRES_MUN,PT_PVEM_MORENA,1,ALBERTO MEJIA BARRERA,1,,,MORENA
4,12,GUERRERO,19,ZUMPANGO DEL RIO,33,GENERAL HELIODORO CASTILLO,,,REG_RP,MORENA,3,BRYAN GONZALEZ,1,,,MORENA
4,12,GUERRERO,19,ZUMPANGO DEL RIO,33,GENERAL HELIODORO CASTILLO,,,REG_RP,PRI,1,ELIZABETH VILLEDA CASTAÑEDA,2,,,PRI
4,12,GUERRERO,19,ZUMPANGO DEL RIO,33,GENERAL HELIODORO CASTILLO,,,REG_RP,MORENA,1,ESTEBAN CASTREJON SANCHEZ,1,CANDIDATURAS DE DISCAPACIDAD,,MORENA
4,12,GUERRERO,19,ZUMPANGO DEL RIO,33,GENERAL HELIODORO CASTILLO,,,REG_RP,MORENA,4,JOALI QUETZALI GOMEZ OLIVEROS,2,CANDIDATURAS DE LA DIVERSIDAD SEXUAL,,MORENA
4,12,GUERRERO,19,ZUMPANGO DEL RIO,33,GENERAL HELIODORO CASTILLO,,,SIND_MR,PT_PVEM_MORENA,1,KATHERINE ELENA GUERRERO TELLEZ,2,,,MORENA
4,12,GUERRERO,19,ZUMPANGO DEL RIO,33,GENERAL HELIODORO CASTILLO,,,REG_RP,PRI,2,LADIS GARCIA CUEVAS,1,,,PRI
4,12,GUERRERO,19,ZUMPANGO DEL RIO,33,GENERAL HELIODORO CASTILLO,,,REG_RP,MC,1,LETICIA HERNANDEZ MARQUEZ,2,,,MC
4,12,GUERRERO,19,ZUMPANGO DEL RIO,33,GENERAL HELIODORO CASTILLO,,,REG_RP,MORENA,2,NAYELI SALGADO SOTELO,2,,,MORENA
4,12,GUERRERO,19,ZUMPANGO DEL RIO,33,GENERAL HELIODORO CASTILLO,,,REG_RP,MC,2,ROBERTO ALVAREZ NAJERA,1,,,MC
4,12,GUERRERO,26,OLINALA,34,HUAMUXTITLAN,,,REG_RP,MLGRO,1,ALISTAIR ESCOBEDO SANCHEZ,1,CANDIDATURAS INDIGENAS,,MLGRO
4,12,GUERRERO,26,OLINALA,34,HUAMUXTITLAN,,,SIND_MR,MC,1,ANA MARIA ANGEL SAAVEDRA,2,CANDIDATURAS INDIGENAS,,MC
4,12,GUERRERO,26,OLINALA,34,HUAMUXTITLAN,,,REG_RP,PT,1,CAROLINA TORRALVA CASTELLANOS,2,CANDIDATURAS INDIGENAS,,PT
4,12,GUERRERO,26,OLINALA,34,HUAMUXTITLAN,,,PRES_MUN,MC,1,DANIEL MENDEZ FLORES,1,CANDIDATURAS INDIGENAS,,MC
4,12,GUERRERO,26,OLINALA,34,HUAMUXTITLAN,,,REG_RP,PVEM,1,RUFINA VALERIO SALDAÑA,2,CANDIDATURAS INDIGENAS,,PVEM
4,12,GUERRERO,26,OLINALA,34,HUAMUXTITLAN,,,REG_RP,MC,1,JOSE LEON MARIN,1,CANDIDATURAS INDIGENAS,,MC
4,12,GUERRERO,26,OLINALA,34,HUAMUXTITLAN,,,REG_RP,MC,2,LEONIDES DOMINGUEZ MILLAN,2,CANDIDATURAS INDIGENAS,,MC
4,12,GUERRERO,26,OLINALA,34,HUAMUXTITLAN,,,REG_RP,MORENA,1,MIREYA ROMANO ORTEGA,2,CANDIDATURAS INDIGENAS,,MORENA
4,12,GUERRERO,23,CIUDAD DE HUITZUCO,35,HUITZUCO DE LOS FIGUEROA,,,REG_RP,MORENA,2,ANA MARIAN CAPISTRAN SASTRE ,2,,,MORENA
4,12,GUERRERO,23,CIUDAD DE HUITZUCO,35,HUITZUCO DE LOS FIGUEROA,,,REG_RP,MC,3,DANIEL GUADALUPE NAJERA BARENAS,1,,,MC
4,12,GUERRERO,23,CIUDAD DE HUITZUCO,35,HUITZUCO DE LOS FIGUEROA,,,PRES_MUN,MORENA,1,EDER NAJERA NAJERA,1,,,MORENA
4,12,GUERRERO,23,CIUDAD DE HUITZUCO,35,HUITZUCO DE LOS FIGUEROA,,,REG_RP,MORENA,4,EVA GISELA GARCIA ASTUDILLO,2,,,MORENA
4,12,GUERRERO,23,CIUDAD DE HUITZUCO,35,HUITZUCO DE LOS FIGUEROA,,,REG_RP,PRI,2,GERARDO CASARRUBIAS MERINO,1,,,PRI
4,12,GUERRERO,23,CIUDAD DE HUITZUCO,35,HUITZUCO DE LOS FIGUEROA,,,REG_RP,PRI,1,GRISSELL CATALAN BARRERA,2,,,PRI
4,12,GUERRERO,23,CIUDAD DE HUITZUCO,35,HUITZUCO DE LOS FIGUEROA,,,SIND_MR,MORENA,1,MA DE JESUS HERRERA GAYTAN,2,,,MORENA
4,12,GUERRERO,23,CIUDAD DE HUITZUCO,35,HUITZUCO DE LOS FIGUEROA,,,REG_RP,MORENA,1,PEDRO MARBAN BAHENA,1,,,MORENA
4,12,GUERRERO,23,CIUDAD DE HUITZUCO,35,HUITZUCO DE LOS FIGUEROA,,,REG_RP,MC,1,SERGIO CORONEL BETANCOURT,1,,,MC
4,12,GUERRERO,23,CIUDAD DE HUITZUCO,35,HUITZUCO DE LOS FIGUEROA,,,REG_RP,MC,2,SUSANA NOVERON SALGADO,2,,,MC
4,12,GUERRERO,22,IGUALA,36,IGUALA DE LA INDEPENDENCIA,,,REG_RP,PRD,1,ADRIANA MOCTEZUMA ORTEGA,2,,,PRD
4,12,GUERRERO,22,IGUALA,36,IGUALA DE LA INDEPENDENCIA,,,REG_RP,MORENA,1,CECILIA ZUÑIGA GOMEZ,2,,,MORENA
4,12,GUERRERO,22,IGUALA,36,IGUALA DE LA INDEPENDENCIA,,,PRES_MUN,PT_PVEM_MORENA,1,ERIK  CATALAN RENDON,1,,,PVEM
4,12,GUERRERO,22,IGUALA,36,IGUALA DE LA INDEPENDENCIA,,,REG_RP,PRI,1,ESTHELA CECILIA MARCHAN CASTAÑEDA,2,,,PRI
4,12,GUERRERO,22,IGUALA,36,IGUALA DE LA INDEPENDENCIA,,,REG_RP,MC,1,EVA MARIA ROMAN RAMIREZ,2,,,MC
4,12,GUERRERO,22,IGUALA,36,IGUALA DE LA INDEPENDENCIA,,,SIND_MR,PT_PVEM_MORENA,1,GAVIDAIL MORALES SANDOVAL,2,,,PVEM
4,12,GUERRERO,22,IGUALA,36,IGUALA DE LA INDEPENDENCIA,,,REG_RP,PVEM,2,HORACIO SOLIS RIVERA,1,,,PVEM
4,12,GUERRERO,22,IGUALA,36,IGUALA DE LA INDEPENDENCIA,,,REG_RP,MC,2,JOSE MERCED SALAZAR MARQUEZ,1,,,MC
4,12,GUERRERO,22,IGUALA,36,IGUALA DE LA INDEPENDENCIA,,,REG_RP,PBG,1,JUAN CARLOS LAGUNAS  LANDA,1,,,PBG
4,12,GUERRERO,22,IGUALA,36,IGUALA DE LA INDEPENDENCIA,,,REG_RP,MORENA,2,LEONEL GOMEZ RAMIREZ,1,,,MORENA
4,12,GUERRERO,22,IGUALA,36,IGUALA DE LA INDEPENDENCIA,,,REG_RP,PAN,1,MARIA DEL ROSARIO BUSTILLOS MUÑOZ,2,,,PAN
4,12,GUERRERO,22,IGUALA,36,IGUALA DE LA INDEPENDENCIA,,,REG_RP,PT,1,MARISOL SALGADO REYNA,2,,,PT
4,12,GUERRERO,22,IGUALA,36,IGUALA DE LA INDEPENDENCIA,,,REG_RP,PRI,2,OSCAR GARCIA RUEDA,1,,,PRI
4,12,GUERRERO,22,IGUALA,36,IGUALA DE LA INDEPENDENCIA,,,SIND_MR,PT_PVEM_MORENA,1,RAFAEL DOMINGUEZ VELASCO,1,,,PVEM
4,12,GUERRERO,22,IGUALA,36,IGUALA DE LA INDEPENDENCIA,,,REG_RP,PVEM,1,YUREMA AYELET ARROYO LUNA,2,,,PVEM
4,12,GUERRERO,16,OMETEPEC,37,IGUALAPA,,,PRES_MUN,PBG,1,ALFREDO GONZALES NICOLAS ,1,CANDIDATURAS INDIGENAS,,PBG
4,12,GUERRERO,16,OMETEPEC,37,IGUALAPA,,,REG_RP,PVEM,2,CLAUDIA MARTINEZ SANCHEZ,2,CANDIDATURAS INDIGENAS,,PVEM
4,12,GUERRERO,16,OMETEPEC,37,IGUALAPA,,,REG_RP,PRD,2,ITZIRI BIRIDIANA GONZALEZ JIMENEZ,2,CANDIDATURAS INDIGENAS,,PRD
4,12,GUERRERO,16,OMETEPEC,37,IGUALAPA,,,REG_RP,PBG,2,MARELI MARTINEZ VENTURA,2,CANDIDATURAS INDIGENAS,,PBG
4,12,GUERRERO,16,OMETEPEC,37,IGUALAPA,,,SIND_MR,PBG,1,PATRICIA GUADALUPE BAUTISTA DOMINGUEZ,2,CANDIDATURAS INDIGENAS,,PBG
4,12,GUERRERO,16,OMETEPEC,37,IGUALAPA,,,REG_RP,PVEM,1,PEDRO MENDOZA VALDEZ,1,CANDIDATURAS INDIGENAS,,PVEM
4,12,GUERRERO,16,OMETEPEC,37,IGUALAPA,,,REG_RP,PBG,1,PORFIRIO GONZALEZ PINZON ,1,CANDIDATURAS DE DISCAPACIDAD,,PBG
4,12,GUERRERO,16,OMETEPEC,37,IGUALAPA,,,REG_RP,PRD,1,SAMUEL NICOLAS DE LA CRUZ,1,CANDIDATURAS INDIGENAS,,PRD
4,12,GUERRERO,20,TELOLOAPAN,38,IXCATEOPAN DE CUAUHTEMOC,,,REG_RP,PAN,2,BRENDA ALVAREZ EGUILUZ,2,,,PAN
4,12,GUERRERO,20,TELOLOAPAN,38,IXCATEOPAN DE CUAUHTEMOC,,,REG_RP,PAN,4,ELENA CRUZ SALGADO VILLALOBOS,2,,,PAN
4,12,GUERRERO,20,TELOLOAPAN,38,IXCATEOPAN DE CUAUHTEMOC,,,REG_RP,MORENA,2,GUILLERMO ALVAREZ ALVAREZ,1,CANDIDATURAS DE DISCAPACIDAD,,MORENA
4,12,GUERRERO,20,TELOLOAPAN,38,IXCATEOPAN DE CUAUHTEMOC,,,PRES_MUN,PAN,1,JUAN CARLOS RODRIGUEZ BARRERA,1,,,PAN
4,12,GUERRERO,20,TELOLOAPAN,38,IXCATEOPAN DE CUAUHTEMOC,,,SIND_MR,PAN,1,SANDRA VILLAREJO BUSTAMANTE,2,,,PAN
4,12,GUERRERO,20,TELOLOAPAN,38,IXCATEOPAN DE CUAUHTEMOC,,,REG_RP,MORENA,1,SILVINA BRITO BAHENA,2,CANDIDATURAS INDIGENAS,,MORENA
4,12,GUERRERO,20,TELOLOAPAN,38,IXCATEOPAN DE CUAUHTEMOC,,,REG_RP,PAN,1,YOBANI SALES BARRIOS,1,,,PAN
4,12,GUERRERO,20,TELOLOAPAN,38,IXCATEOPAN DE CUAUHTEMOC,,,REG_RP,,,,,,,
4,12,GUERRERO,12,ZIHUATANEJO,39,ZIHUATANEJO DE AZUETA,,,REG_RP,PRI,4,ADIN ESCOBAR SILVA,1,CANDIDATURAS DE LA DIVERSIDAD SEXUAL,,PRI
4,12,GUERRERO,12,ZIHUATANEJO,39,ZIHUATANEJO DE AZUETA,,,REG_RP,MORENA,1,DAVID RODRIGUEZ LOPEZ,1,,,MORENA
4,12,GUERRERO,12,ZIHUATANEJO,39,ZIHUATANEJO DE AZUETA,,,REG_RP,MORENA,2,EVILENIA BRAVO CAMPOS,2,,,MORENA
4,12,GUERRERO,12,ZIHUATANEJO,39,ZIHUATANEJO DE AZUETA,,,REG_RP,MORENA,4,GUADALUPE JESUS OROZCO ALVAREZ,2,CANDIDATURAS DE LA DIVERSIDAD SEXUAL,,MORENA
4,12,GUERRERO,12,ZIHUATANEJO,39,ZIHUATANEJO DE AZUETA,,,SIND_MR,PAN_PRI_PRD,1,JOSE JUAN MEDINA GALEANA,1,,,PRI
4,12,GUERRERO,12,ZIHUATANEJO,39,ZIHUATANEJO DE AZUETA,,,PRES_MUN,PAN_PRI_PRD,1,LIZETTE TAPIA CASTRO,2,,,PRI
4,12,GUERRERO,12,ZIHUATANEJO,39,ZIHUATANEJO DE AZUETA,,,REG_RP,PRI,2,MANUEL MARROQUIN PINEDA,1,,,PRI
4,12,GUERRERO,12,ZIHUATANEJO,39,ZIHUATANEJO DE AZUETA,,,SIND_MR,PAN_PRI_PRD,1,MARIA GUADALUPE GARCIA DAVID,2,,,PRI
4,12,GUERRERO,12,ZIHUATANEJO,39,ZIHUATANEJO DE AZUETA,,,REG_RP,PRI,1,MAYRA LIZ RUIZ PINEDA,2,,,PRI
4,12,GUERRERO,12,ZIHUATANEJO,39,ZIHUATANEJO DE AZUETA,,,REG_RP,PRI,5,MIREYA REYES GRANDE,2,,,PRI
4,12,GUERRERO,12,ZIHUATANEJO,39,ZIHUATANEJO DE AZUETA,,,REG_RP,PRI,6,OSCAR BARRIENTOS BAILON,1,CANDIDATURAS DE DISCAPACIDAD,,PRI
4,12,GUERRERO,12,ZIHUATANEJO,39,ZIHUATANEJO DE AZUETA,,,REG_RP,PRI,3,PALOMA JIMENEZ GOMEZ,2,,,PRI
4,12,GUERRERO,12,ZIHUATANEJO,39,ZIHUATANEJO DE AZUETA,,,REG_RP,MORENA,3,RAUL GARCIA URIOSTEGUI,1,,,MORENA
4,12,GUERRERO,12,ZIHUATANEJO,39,ZIHUATANEJO DE AZUETA,,,REG_RP,MORENA,6,VICTORIA BRITO PEREZ,2,,,MORENA
4,12,GUERRERO,12,ZIHUATANEJO,39,ZIHUATANEJO DE AZUETA,,,REG_RP,MORENA,5,VIRGINIA TECUAUTZIN CAMPOS,2,CANDIDATURAS DE DISCAPACIDAD,,MORENA
4,12,GUERRERO,13,SAN MARCOS,40,JUAN R. ESCUDERO,,,REG_RP,MC,2,CARMINA MONTALBAN MORALES ,2,,,MC
4,12,GUERRERO,13,SAN MARCOS,40,JUAN R. ESCUDERO,,,REG_RP,PRI,2,GILBERTO AVILA VAZQUEZ,1,,,PRI
4,12,GUERRERO,13,SAN MARCOS,40,JUAN R. ESCUDERO,,,PRES_MUN,MC,1,OSCAR SANCHEZ LUNA ,1,,,MC
4,12,GUERRERO,13,SAN MARCOS,40,JUAN R. ESCUDERO,,,REG_RP,MORENA,1,ISRAEL HERNANDEZ ESPINOSA,1,,,MORENA
4,12,GUERRERO,13,SAN MARCOS,40,JUAN R. ESCUDERO,,,REG_RP,PVEM,1,JESUS SANTIAGO LEYVA RAMIREZ,1,,,PVEM
4,12,GUERRERO,13,SAN MARCOS,40,JUAN R. ESCUDERO,,,REG_RP,PVEM,2,MARIA MAGDALENA GATICA MORENO,2,,,PVEM
4,12,GUERRERO,13,SAN MARCOS,40,JUAN R. ESCUDERO,,,SIND_MR,MC,1,ARIANNA SADAY ANGEL GARCIA,2,,,MC
4,12,GUERRERO,13,SAN MARCOS,40,JUAN R. ESCUDERO,,,REG_RP,MC,1,MATEO CASARRUBIAS PONCIANO,1,,,MC
4,12,GUERRERO,13,SAN MARCOS,40,JUAN R. ESCUDERO,,,REG_RP,PRI,1,NANCI LUNA DIAZ,2,,,PRI
4,12,GUERRERO,13,SAN MARCOS,40,JUAN R. ESCUDERO,,,REG_RP,PVEM,4,YASELY MERITXELL SUASTEGUI CEBALLOS,2,,,PVEM
4,12,GUERRERO,19,ZUMPANGO DEL RIO,41,LEONARDO BRAVO,,,REG_RP,PT,1,ANDRES SANTOS ROMERO,1,CANDIDATURAS DE DISCAPACIDAD,,PT
4,12,GUERRERO,19,ZUMPANGO DEL RIO,41,LEONARDO BRAVO,,,REG_RP,MORENA,4,CARMEN ROMERO VISOSO,2,,,MORENA
4,12,GUERRERO,19,ZUMPANGO DEL RIO,41,LEONARDO BRAVO,,,REG_RP,MORENA,2,CINTHIA ICELL MARTINEZ GARCIA,2,,,MORENA
4,12,GUERRERO,19,ZUMPANGO DEL RIO,41,LEONARDO BRAVO,,,REG_RP,PAN,2,GRISELDA NATIVIDAD BAUTISTA ADAME,2,,,PAN
4,12,GUERRERO,19,ZUMPANGO DEL RIO,41,LEONARDO BRAVO,,,REG_RP,PAN,4,INES MOSSO GONZALEZ,2,,,PAN
4,12,GUERRERO,19,ZUMPANGO DEL RIO,41,LEONARDO BRAVO,,,REG_RP,PVEM,1,JESUS RODRIGO RODRIGUEZ REYES,1,,,PVEM
4,12,GUERRERO,19,ZUMPANGO DEL RIO,41,LEONARDO BRAVO,,,PRES_MUN,PT_PVEM_MORENA,1,LEONARDO MALDONADO ZUÑIGA,1,,,MORENA
4,12,GUERRERO,19,ZUMPANGO DEL RIO,41,LEONARDO BRAVO,,,REG_RP,MORENA,1,MARIO ENRIQUE MALDONADO ARCOS,1,,,MORENA
4,12,GUERRERO,19,ZUMPANGO DEL RIO,41,LEONARDO BRAVO,,,REG_RP,PRI,1,MIGUEL ANGEL ADAME ORTIZ,1,,,PRI
4,12,GUERRERO,19,ZUMPANGO DEL RIO,41,LEONARDO BRAVO,,,SIND_MR,PT_PVEM_MORENA,1,TALIA ZAMORA CATALAN,2,,,MORENA
4,12,GUERRERO,28,SAN LUIS ACATLAN,42,MALINALTEPEC,,,REG_RP,PBG,1,AURELIO SANTOS CARLOS,1,CANDIDATURAS INDIGENAS,,PBG
4,12,GUERRERO,28,SAN LUIS ACATLAN,42,MALINALTEPEC,,,REG_RP,PES,1,JAVIER ENRIQUEZ VILLAR,1,CANDIDATURAS INDIGENAS,,PES
4,12,GUERRERO,28,SAN LUIS ACATLAN,42,MALINALTEPEC,,,REG_RP,MORENA,1,JAVIER VAZQUEZ TOMAS,1,CANDIDATURAS INDIGENAS,,MORENA
4,12,GUERRERO,28,SAN LUIS ACATLAN,42,MALINALTEPEC,,,PRES_MUN,PT,1,JHON NAVARRO MATEOS,1,CANDIDATURAS INDIGENAS,,PT
4,12,GUERRERO,28,SAN LUIS ACATLAN,42,MALINALTEPEC,,,REG_RP,PT,2,MARIA OTILIA CASTILLO ROJAS,2,CANDIDATURAS INDIGENAS,,PT
4,12,GUERRERO,28,SAN LUIS ACATLAN,42,MALINALTEPEC,,,REG_RP,PT,4,ROSAURA SANTOS RAMIREZ,2,CANDIDATURAS DE DISCAPACIDAD,,PT
4,12,GUERRERO,28,SAN LUIS ACATLAN,42,MALINALTEPEC,,,REG_RP,MORENA,2,TOMASA CALLEJA MENDOZA,2,CANDIDATURAS INDIGENAS,,MORENA
4,12,GUERRERO,28,SAN LUIS ACATLAN,42,MALINALTEPEC,,,SIND_MR,PT,1,VICENCIA ESPINDOLA CANTU,2,CANDIDATURAS INDIGENAS,,PT
4,12,GUERRERO,24,TIXTLA,43,MARTIR DE CUILAPAN,,,REG_RP,MC,1,ARACELI CASTRO ASTUDILLO,2,CANDIDATURAS INDIGENAS,,MC
4,12,GUERRERO,24,TIXTLA,43,MARTIR DE CUILAPAN,,,REG_RP,PRD,1,EPIGMENIO BARRERA VICARIO,1,CANDIDATURAS INDIGENAS,,PRD
4,12,GUERRERO,24,TIXTLA,43,MARTIR DE CUILAPAN,,,REG_RP,PRI,1,GABRIEL ATILANO MILLAN,1,CANDIDATURAS INDIGENAS,,PRI
4,12,GUERRERO,24,TIXTLA,43,MARTIR DE CUILAPAN,,,PRES_MUN,PAN_PRI_PRD,1,JESUS VAZQUEZ GARCIA,1,CANDIDATURAS INDIGENAS,,PRD
4,12,GUERRERO,24,TIXTLA,43,MARTIR DE CUILAPAN,,,REG_RP,PT,1,KARLA NAYELI GUEVARA GONZALEZ ,2,CANDIDATURAS INDIGENAS,,PT
4,12,GUERRERO,24,TIXTLA,43,MARTIR DE CUILAPAN,,,SIND_MR,PAN_PRI_PRD,1,MARIA GUADALUPE ANGEL DEL MORAL,2,CANDIDATURAS INDIGENAS,,PRD
4,12,GUERRERO,24,TIXTLA,43,MARTIR DE CUILAPAN,,,REG_RP,MORENA,1,MARINA ROMERO AGUIRRE,2,CANDIDATURAS INDIGENAS,,MORENA
4,12,GUERRERO,24,TIXTLA,43,MARTIR DE CUILAPAN,,,REG_RP,PVEM,1,RUFINA JULIAN LAUREANO,2,CANDIDATURAS INDIGENAS,,PVEM
4,12,GUERRERO,28,SAN LUIS ACATLAN,44,METLATONOC,,,REG_RP,MC,1,ANGEL BASURTO ORTEGA,1,,,MC
4,12,GUERRERO,28,SAN LUIS ACATLAN,44,METLATONOC,,,REG_RP,PRD,1,CELSO SOLANO GARCIA,1,CANDIDATURAS INDIGENAS,,PRD
4,12,GUERRERO,28,SAN LUIS ACATLAN,44,METLATONOC,,,PRES_MUN,PT,1,ISAIAS ROJAS RAMIREZ,1,CANDIDATURAS INDIGENAS,,PT
4,12,GUERRERO,28,SAN LUIS ACATLAN,44,METLATONOC,,,REG_RP,PVEM,2,JULIA PINEDA LOPEZ,2,CANDIDATURAS INDIGENAS,,PVEM
4,12,GUERRERO,28,SAN LUIS ACATLAN,44,METLATONOC,,,REG_RP,PT,2,MICAELA VAZQUEZ ROJAS,2,CANDIDATURAS INDIGENAS,,PT
4,12,GUERRERO,28,SAN LUIS ACATLAN,44,METLATONOC,,,SIND_MR,PT,1,QUIRINA CORTES GONZALEZ,2,CANDIDATURAS INDIGENAS,,PT
4,12,GUERRERO,28,SAN LUIS ACATLAN,44,METLATONOC,,,REG_RP,PT,4,ROSALINDA GALVEZ SALAZAR,2,CANDIDATURAS DE DISCAPACIDAD,,PT
4,12,GUERRERO,28,SAN LUIS ACATLAN,44,METLATONOC,,,REG_RP,PVEM,1,SILBINO VAZQUEZ VAZQUEZ,1,CANDIDATURAS INDIGENAS,,PVEM
4,12,GUERRERO,24,TIXTLA,45,MOCHITLAN,,,REG_RP,PRD,1,CYNTHIA JANET NAVA SANTOS ,2,,,PRD
4,12,GUERRERO,24,TIXTLA,45,MOCHITLAN,,,REG_RP,PRD,2,CONCILIA RAMIREZ ALONSO,2,,,PRD
4,12,GUERRERO,24,TIXTLA,45,MOCHITLAN,,,PRES_MUN,PT_PVEM_MORENA,1,GERARDO MOSSO LOPEZ,1,CANDIDATURAS INDIGENAS,,PVEM
4,12,GUERRERO,24,TIXTLA,45,MOCHITLAN,,,REG_RP,PVEM,3,JAFET NEFTALI SANDOVAL TAQUILLO,1,CANDIDATURAS INDIGENAS,,PVEM
4,12,GUERRERO,24,TIXTLA,45,MOCHITLAN,,,REG_RP,PVEM,1,JORGE ALBERTO ESPIRITU GARCIA ,1,CANDIDATURAS INDIGENAS,,PVEM
4,12,GUERRERO,24,TIXTLA,45,MOCHITLAN,,,REG_RP,MORENA,1,MIGUEL LARA APAEZ ,1,CANDIDATURAS INDIGENAS,,MORENA
4,12,GUERRERO,24,TIXTLA,45,MOCHITLAN,,,REG_RP,PVEM,2,NANCY JIMENEZ GARCIA,2,CANDIDATURAS INDIGENAS,,PVEM
4,12,GUERRERO,24,TIXTLA,45,MOCHITLAN,,,SIND_MR,PT_PVEM_MORENA,1,SILVIA LIZBETH RAMIREZ SANDOVAL,2,CANDIDATURAS INDIGENAS,,PVEM
4,12,GUERRERO,26,OLINALA,46,OLINALA,,,REG_RP,MORENA,3,ADELA BALTAZAR HELGUERA,2,CANDIDATURAS INDIGENAS,,MORENA
4,12,GUERRERO,26,OLINALA,46,OLINALA,,,REG_RP,MC,1,ANGEL SANCHEZ DE JESUS,1,CANDIDATURAS INDIGENAS,,MC
4,12,GUERRERO,26,OLINALA,46,OLINALA,,,REG_RP,MORENA,2,DOMICIANO JIMENEZ PATRON,1,CANDIDATURAS INDIGENAS,,MORENA
4,12,GUERRERO,26,OLINALA,46,OLINALA,,,REG_RP,PT,1,FERNANDA ELIAS MIRANDA,2,CANDIDATURAS INDIGENAS,,PT
4,12,GUERRERO,26,OLINALA,46,OLINALA,,,REG_RP,PRI,2,JAZMIN JIMENEZ MANCILLA,2,CANDIDATURAS INDIGENAS,,PRI
4,12,GUERRERO,26,OLINALA,46,OLINALA,,,REG_RP,PRI,1,JOSE DE LOS SANTOS DOLORES,1,CANDIDATURAS INDIGENAS,,PRI
4,12,GUERRERO,26,OLINALA,46,OLINALA,,,PRES_MUN,PAN_PRI_PRD,1,MANUEL SANCHEZ ROSENDO,1,CANDIDATURAS INDIGENAS,,PRI
4,12,GUERRERO,26,OLINALA,46,OLINALA,,,REG_RP,PRI,3,MIGUEL ANGEL PINEDA ABRAJAN,1,,,PRI
4,12,GUERRERO,26,OLINALA,46,OLINALA,,,REG_RP,MORENA,1,MIREYA HERNANDEZ SANCHEZ,2,CANDIDATURAS INDIGENAS,,MORENA
4,12,GUERRERO,26,OLINALA,46,OLINALA,,,SIND_MR,PAN_PRI_PRD,1,VANESSA RODRIGUEZ GARCIA,2,CANDIDATURAS INDIGENAS,,PRI
4,12,GUERRERO,16,OMETEPEC,47,OMETEPEC,,,REG_RP,MORENA,1,ANGEL MONTAÑO SALINAS,1,CANDIDATURAS INDIGENAS,,MORENA
4,12,GUERRERO,16,OMETEPEC,47,OMETEPEC,,,REG_RP,MORENA,2,DEISY BENITO MORALES,2,CANDIDATURAS INDIGENAS,,MORENA
4,12,GUERRERO,16,OMETEPEC,47,OMETEPEC,,,REG_RP,PVEM,1,EDGAR ENRIQUE VALDEZ LOPEZ,1,CANDIDATURAS INDIGENAS,,PVEM
4,12,GUERRERO,16,OMETEPEC,47,OMETEPEC,,,REG_RP,PT,1,JOAQUIN DOMINGUEZ LOPEZ,1,CANDIDATURAS INDIGENAS,,PT
4,12,GUERRERO,16,OMETEPEC,47,OMETEPEC,,,SIND_MR,PT_PVEM_MORENA,1,LETICIA DE LA CRUZ DIAZ,2,CANDIDATURAS INDIGENAS,,MORENA
4,12,GUERRERO,16,OMETEPEC,47,OMETEPEC,,,REG_RP,PRI,2,LIZBETH ARENAS HERNANDEZ ,2,CANDIDATURAS INDIGENAS,,PRI
4,12,GUERRERO,16,OMETEPEC,47,OMETEPEC,,,REG_RP,PRI,1,MARCO ANTONIO DOMINGUEZ DE LA CRUZ,1,CANDIDATURAS INDIGENAS,,PRI
4,12,GUERRERO,16,OMETEPEC,47,OMETEPEC,,,REG_RP,MORENA,4,MAXIMA HEZIQUIO ALVAREZ,2,CANDIDATURAS INDIGENAS,,MORENA
4,12,GUERRERO,16,OMETEPEC,47,OMETEPEC,,,PRES_MUN,PT_PVEM_MORENA,1,RIGOBERTO CHACON MELO,1,CANDIDATURAS INDIGENAS,,MORENA
4,12,GUERRERO,16,OMETEPEC,47,OMETEPEC,,,REG_RP,PRI,4,ROSA EVELIA LOPEZ NAZARIO,2,,,PRI
4,12,GUERRERO,20,TELOLOAPAN,48,PEDRO ASCENCIO ALQUISIRAS,,,REG_RP,PRD,2,ADELFO QUEZADA REYES,1,,,PRD
4,12,GUERRERO,20,TELOLOAPAN,48,PEDRO ASCENCIO ALQUISIRAS,,,PRES_MUN,PRD,1,AUSTREBERTA LOPEZ ROGEL,2,,,PRD
4,12,GUERRERO,20,TELOLOAPAN,48,PEDRO ASCENCIO ALQUISIRAS,,,REG_RP,PRD,3,CELIA MALDONADO HERNANDEZ,2,,,PRD
4,12,GUERRERO,20,TELOLOAPAN,48,PEDRO ASCENCIO ALQUISIRAS,,,REG_RP,PRD,1,DEYSI ELENA ORTIZ FLORES,2,,,PRD
4,12,GUERRERO,20,TELOLOAPAN,48,PEDRO ASCENCIO ALQUISIRAS,,,REG_RP,MORENA,2,HUMBERTO TRUJILLO SOTELO,1,,,MORENA
4,12,GUERRERO,20,TELOLOAPAN,48,PEDRO ASCENCIO ALQUISIRAS,,,REG_RP,PRI,1,RUFINA GARCIA ESPINOZA,2,CANDIDATURAS DE DISCAPACIDAD,,PRI
4,12,GUERRERO,20,TELOLOAPAN,48,PEDRO ASCENCIO ALQUISIRAS,,,REG_RP,MORENA,1,SATURNINA SENAIDA ALATORRE BARRERA,2,,,MORENA
4,12,GUERRERO,20,TELOLOAPAN,48,PEDRO ASCENCIO ALQUISIRAS,,,SIND_MR,PRD,1,VIRGILIO SOLANO VERGARA,1,,,PRD
4,12,GUERRERO,11,PETATLAN,49,PETATLAN,,,REG_RP,PRI,1,CARLOS ALBERTO BRAVO SIERRA,1,,,PRI
4,12,GUERRERO,11,PETATLAN,49,PETATLAN,,,SIND_MR,MORENA,1,CITLALLI MATEOS HERNANDEZ,2,,,MORENA
4,12,GUERRERO,11,PETATLAN,49,PETATLAN,,,REG_RP,MORENA,2,ERIKA ROSAS RODRIGUEZ,2,,,MORENA
4,12,GUERRERO,11,PETATLAN,49,PETATLAN,,,REG_RP,PRI,2,GLORIA GUILLERMINA CABRERA MARTINEZ,2,,,PRI
4,12,GUERRERO,11,PETATLAN,49,PETATLAN,,,REG_RP,MORENA,1,JORGE LUIS MUÑIZ VIVEROS,1,,,MORENA
4,12,GUERRERO,11,PETATLAN,49,PETATLAN,,,PRES_MUN,MORENA,1,JOSE POPOCA MARTINEZ,1,,,MORENA
4,12,GUERRERO,11,PETATLAN,49,PETATLAN,,,REG_RP,MORENA,4,LAURA RUIZ SOLIS,2,,,MORENA
4,12,GUERRERO,11,PETATLAN,49,PETATLAN,,,REG_RP,PRI,4,NILDA MACIEL PARDILLO,2,,,PRI
4,12,GUERRERO,11,PETATLAN,49,PETATLAN,,,REG_RP,PRI,3,OSCAR RODRIGUEZ MEJIA,1,,,PRI
4,12,GUERRERO,11,PETATLAN,49,PETATLAN,,,REG_RP,MORENA,3,TOMAS ABARCA RODRIGUEZ,1,CANDIDATURAS DE LA DIVERSIDAD SEXUAL,,MORENA
4,12,GUERRERO,21,TAXCO ,50,PILCAYA,,,REG_RP,PAN,1,ADRIANA HITZEL QUEVEDO ALANIS,2,,,PAN
4,12,GUERRERO,21,TAXCO ,50,PILCAYA,,,REG_RP,PT,1,ARIANA CRUZ GARCIA,2,,,PT
4,12,GUERRERO,21,TAXCO ,50,PILCAYA,,,PRES_MUN,PT_PVEM_MORENA,1,FERNANDO AVILA ZAGAL,1,,,PVEM
4,12,GUERRERO,21,TAXCO ,50,PILCAYA,,,REG_RP,PVEM,1,IGNACIO GARCIA DOMINGUEZ,1,,,PVEM
4,12,GUERRERO,21,TAXCO ,50,PILCAYA,,,REG_RP,MORENA,1,JOSE JOEL ESTRADA VARGAS,1,CANDIDATURAS DE DISCAPACIDAD,,MORENA
4,12,GUERRERO,21,TAXCO ,50,PILCAYA,,,REG_RP,PAN,2,JOSE MANUEL ORTIZ PEREZ,1,,,PAN
4,12,GUERRERO,21,TAXCO ,50,PILCAYA,,,REG_RP,PVEM,2,LISBETH VALOIS PADILLA,2,,,PVEM
4,12,GUERRERO,21,TAXCO ,50,PILCAYA,,,SIND_MR,PT_PVEM_MORENA,1,SILVIA MEJIA SILVA,2,,,PVEM
4,12,GUERRERO,18,CD ALTAMIRANO,51,PUNGARABATO,,,REG_RP,PAN,1,ALMA DELIA LAUREANO PEREZ,2,,,PAN
4,12,GUERRERO,18,CD ALTAMIRANO,51,PUNGARABATO,,,PRES_MUN,PAN_PRI_PRD,1,BRENDA JANETH NUÑEZ PEÑALOZA,2,,,PRI
4,12,GUERRERO,18,CD ALTAMIRANO,51,PUNGARABATO,,,REG_RP,PRD,1,DIESIS CHAVELAS GUERRERO,2,,,PRD
4,12,GUERRERO,18,CD ALTAMIRANO,51,PUNGARABATO,,,SIND_MR,PAN_PRI_PRD,1,HECTOR ANGEL PEREZ GARCIA,1,,,PRI
4,12,GUERRERO,18,CD ALTAMIRANO,51,PUNGARABATO,,,REG_RP,PRI,1,LUCERO ANAHI BASULTO CARACHURE,2,,,PRI
4,12,GUERRERO,18,CD ALTAMIRANO,51,PUNGARABATO,,,REG_RP,MORENA,2,NETZAHUALCOYOTL DUQUE SALDAÑA,1,,,MORENA
4,12,GUERRERO,18,CD ALTAMIRANO,51,PUNGARABATO,,,REG_RP,MORENA,1,NORMA MARTINEZ RAMIREZ,2,,,MORENA
4,12,GUERRERO,18,CD ALTAMIRANO,51,PUNGARABATO,,,REG_RP,PRI,2,RANFERI ECHEVERRIA PINEDA,1,,,PRI
4,12,GUERRERO,18,CD ALTAMIRANO,51,PUNGARABATO,,,REG_RP,PRI,4,RENE GOMEZ MEDINA,1,,,PRI
4,12,GUERRERO,18,CD ALTAMIRANO,51,PUNGARABATO,,,REG_RP,PRI,3,ROSALBA PINEDA MOJICA,2,,,PRI
4,12,GUERRERO,24,TIXTLA,52,QUECHULTENANGO,,,REG_RP,PRD,2,ANAYELI VILLANUEVA RIOS,2,CANDIDATURAS INDIGENAS,,PRD
4,12,GUERRERO,24,TIXTLA,52,QUECHULTENANGO,,,REG_RP,PRD,1,BALTAZAR RAMIREZ JIMENEZ,1,CANDIDATURAS INDIGENAS,,PRD
4,12,GUERRERO,24,TIXTLA,52,QUECHULTENANGO,,,SIND_MR,PRD,1,CINTHIA MAYVELIN GIL HERNANDEZ,2,CANDIDATURAS INDIGENAS,,PRD
4,12,GUERRERO,24,TIXTLA,52,QUECHULTENANGO,,,PRES_MUN,PRD,1,DAVID ASTUDILLO MORALES,1,CANDIDATURAS INDIGENAS,,PRD
4,12,GUERRERO,24,TIXTLA,52,QUECHULTENANGO,,,REG_RP,MORENA,3,JAVIER GONZALEZ MORAS,1,CANDIDATURAS INDIGENAS,,MORENA
4,12,GUERRERO,24,TIXTLA,52,QUECHULTENANGO,,,REG_RP,PRD,3,JORGE ANGEL MOYAO MORAS,1,CANDIDATURAS DE DISCAPACIDAD,,PRD
4,12,GUERRERO,24,TIXTLA,52,QUECHULTENANGO,,,REG_RP,MORENA,2,LUIS FERNANDO MORENO VENALONZO,1,CANDIDATURAS INDIGENAS,,MORENA
4,12,GUERRERO,24,TIXTLA,52,QUECHULTENANGO,,,REG_RP,MORENA,4,OLIVIA ALEJO CARPIO,2,CANDIDATURAS INDIGENAS,,MORENA
4,12,GUERRERO,24,TIXTLA,52,QUECHULTENANGO,,,REG_RP,MORENA,1,ROSA ELIA LEYVA BOLAÑOS,2,CANDIDATURAS DE DISCAPACIDAD,,MORENA
4,12,GUERRERO,24,TIXTLA,52,QUECHULTENANGO,,,REG_RP,PRD,4,TERESA JIMENEZ CARRANZA ,2,,,PRD
4,12,GUERRERO,28,SAN LUIS ACATLAN,53,SAN LUIS ACATLAN,,,PRES_MUN,PT,1,ADAIR HERNANDEZ MARTINEZ,1,CANDIDATURAS INDIGENAS,,PT
4,12,GUERRERO,28,SAN LUIS ACATLAN,53,SAN LUIS ACATLAN,,,REG_RP,PT,2,AIDA ZITLALLY FIGUEROA MEDINA,2,CANDIDATURAS INDIGENAS,,PT
4,12,GUERRERO,28,SAN LUIS ACATLAN,53,SAN LUIS ACATLAN,,,REG_RP,PT,4,ENEIDA MOCTEZUMA VELEZ,2,CANDIDATURAS DE DISCAPACIDAD,,PT
4,12,GUERRERO,28,SAN LUIS ACATLAN,53,SAN LUIS ACATLAN,,,REG_RP,MC,2,GAUDENCIO BARRAGAN AVILA,1,CANDIDATURAS INDIGENAS,,MC
4,12,GUERRERO,28,SAN LUIS ACATLAN,53,SAN LUIS ACATLAN,,,REG_RP,MORENA,2,GENARO NAVARRETE ALDAMA,1,CANDIDATURAS INDIGENAS,,MORENA
4,12,GUERRERO,28,SAN LUIS ACATLAN,53,SAN LUIS ACATLAN,,,REG_RP,PVEM,1,JUAN HERMINIO GONZALEZ BAUTISTA,1,CANDIDATURAS INDIGENAS,,PVEM
4,12,GUERRERO,28,SAN LUIS ACATLAN,53,SAN LUIS ACATLAN,,,REG_RP,MORENA,1,LUCIA JIMENEZ SANTIAGO,2,CANDIDATURAS INDIGENAS,,MORENA
4,12,GUERRERO,28,SAN LUIS ACATLAN,53,SAN LUIS ACATLAN,,,REG_RP,MC,1,ROSA CASTRO REYES,2,CANDIDATURAS INDIGENAS,,MC
4,12,GUERRERO,28,SAN LUIS ACATLAN,53,SAN LUIS ACATLAN,,,REG_RP,PRD,1,URIEL WENCESLAO MIRANDA,1,CANDIDATURAS INDIGENAS,,PRD
4,12,GUERRERO,28,SAN LUIS ACATLAN,53,SAN LUIS ACATLAN,,,SIND_MR,PT,1,VIRGINIA PINEDA JAIMES,2,CANDIDATURAS INDIGENAS,,PT
4,12,GUERRERO,13,SAN MARCOS,54,SAN MARCOS,,,REG_RP,PRI,1,ALEJANDRO AGATON CENTELLANO,1,,,PRI
4,12,GUERRERO,13,SAN MARCOS,54,SAN MARCOS,,,SIND_MR,PT_PVEM_MORENA,1,DENISE GUADALUPE VALLE TRUJILLO,2,,,PVEM
4,12,GUERRERO,13,SAN MARCOS,54,SAN MARCOS,,,REG_RP,MORENA,2,HIGINIO TORRES LUCENA ,1,CANDIDATURAS DE DISCAPACIDAD,,MORENA
4,12,GUERRERO,13,SAN MARCOS,54,SAN MARCOS,,,REG_RP,MORENA,1,ILTSE AMAIREN MUÑOZ CORTES,2,,,MORENA
4,12,GUERRERO,13,SAN MARCOS,54,SAN MARCOS,,,REG_RP,PVEM,2,JANIA GARCIA CRUZ,2,,,PVEM
4,12,GUERRERO,13,SAN MARCOS,54,SAN MARCOS,,,REG_RP,PRI,2,KAREN DIMAYUGA LUNA,2,,,PRI
4,12,GUERRERO,13,SAN MARCOS,54,SAN MARCOS,,,REG_RP,PRD,1,MARCO ANTONIO CORTES LOPEZ,1,,,PRD
4,12,GUERRERO,13,SAN MARCOS,54,SAN MARCOS,,,PRES_MUN,PT_PVEM_MORENA,1,MISAEL LORENZO CASTILLO,1,,,PVEM
4,12,GUERRERO,13,SAN MARCOS,54,SAN MARCOS,,,REG_RP,PVEM,1,RAUL MORALES CRUZ,1,,,PVEM
4,12,GUERRERO,13,SAN MARCOS,54,SAN MARCOS,,,REG_RP,PRI,4,SUSANA RUIZ ORTIZ,2,,,PRI
4,12,GUERRERO,17,COYUCA,55,SAN MIGUEL TOTOLAPAN,,,PRES_MUN,PRI,1,ARTURO JULIAN GOMEZ,1,,,PRI
4,12,GUERRERO,17,COYUCA,55,SAN MIGUEL TOTOLAPAN,,,REG_RP,PRI,3,BASILISO ARAUJO ARAUJO,1,,,PRI
4,12,GUERRERO,17,COYUCA,55,SAN MIGUEL TOTOLAPAN,,,REG_RP,PT,1,JOSE NATIVIDAD ORTIZ URIOSO,1,,,PT
4,12,GUERRERO,17,COYUCA,55,SAN MIGUEL TOTOLAPAN,,,REG_RP,PT,3,MARGARITO DE PAZ HERNANDEZ,1,CANDIDATURAS DE DISCAPACIDAD,,PT
4,12,GUERRERO,17,COYUCA,55,SAN MIGUEL TOTOLAPAN,,,REG_RP,PT,2,MARTHA LILIA DE LA PAZ COLIMA,2,,,PT
4,12,GUERRERO,17,COYUCA,55,SAN MIGUEL TOTOLAPAN,,,SIND_MR,PRI,1,NEFTALI ABARCA SANTAMARIA,1,,,PRI
4,12,GUERRERO,17,COYUCA,55,SAN MIGUEL TOTOLAPAN,,,REG_RP,PRI,1,ROBERTO AUREOLES SOTELO,1,,,PRI
4,12,GUERRERO,17,COYUCA,55,SAN MIGUEL TOTOLAPAN,,,REG_RP,PRI,2,ZULMA REYES CALDERON,2,CANDIDATURAS DE DISCAPACIDAD,,PRI
4,12,GUERRERO,21,TAXCO ,56,TAXCO DE ALARCON,,,REG_RP,PVEM,1,ALAN GABRIEL GARCIA PEREZ,1,,,PVEM
4,12,GUERRERO,21,TAXCO ,56,TAXCO DE ALARCON,,,REG_RP,MORENA,2,CATALINA DOMINGUEZ BARRERA,2,,,MORENA
4,12,GUERRERO,21,TAXCO ,56,TAXCO DE ALARCON,,,REG_RP,PAN,1,FABIOLA DIAZ NEVEROS,2,,,PAN
4,12,GUERRERO,21,TAXCO ,56,TAXCO DE ALARCON,,,REG_RP,MC,2,FLOR OYUKY RIVERA NAVA,2,,,MC
4,12,GUERRERO,21,TAXCO ,56,TAXCO DE ALARCON,,,PRES_MUN,PT_PVEM_MORENA,1,JUAN ANDRES VEGA CARRANZA,1,,,MORENA
4,12,GUERRERO,21,TAXCO ,56,TAXCO DE ALARCON,,,REG_RP,PT,1,LUIS FIGUEROA MARTINEZ,1,,,PT
4,12,GUERRERO,21,TAXCO ,56,TAXCO DE ALARCON,,,REG_RP,PAN,2,MARIANA VARGAS OCAMPO,2,,,PAN
4,12,GUERRERO,21,TAXCO ,56,TAXCO DE ALARCON,,,REG_RP,MORENA,1,OMAR SALGADO BAHENA,1,,,MORENA
4,12,GUERRERO,21,TAXCO ,56,TAXCO DE ALARCON,,,REG_RP,MC,1,SERGIO VICENTE PINEDA PERALTA,1,,,MC
4,12,GUERRERO,21,TAXCO ,56,TAXCO DE ALARCON,,,REG_RP,PRD,1,VERONICA AVILES GONZALEZ,2,,,PRD
4,12,GUERRERO,21,TAXCO ,56,TAXCO DE ALARCON,,,REG_RP,PRI,1,VICTOR MANUEL SOTELO OCAMPO,1,,,PRI
4,12,GUERRERO,21,TAXCO ,56,TAXCO DE ALARCON,,,SIND_MR,PT_PVEM_MORENA,1,VIVIANA RODRIGUEZ BURGOS,2,,,MORENA
4,12,GUERRERO,13,SAN MARCOS,57,TECOANAPA,,,REG_RP,PT,1,EDRIN GONZALEZ AVILA,1,,,PT
4,12,GUERRERO,13,SAN MARCOS,57,TECOANAPA,,,REG_RP,PAN,1,GUSTAVO CANO CRUZ,1,,,PAN
4,12,GUERRERO,13,SAN MARCOS,57,TECOANAPA,,,REG_RP,PVEM,1,JUAN VICTOR ABELDAÑO RAMIREZ,1,,,PVEM
4,12,GUERRERO,13,SAN MARCOS,57,TECOANAPA,,,PRES_MUN,PT_PVEM_MORENA,1,JUVENAL POBLETE VELAZQUEZ,1,CANDIDATURAS DE DISCAPACIDAD,,PVEM
4,12,GUERRERO,13,SAN MARCOS,57,TECOANAPA,,,REG_RP,MC,2,PATRICIA PEREZ NAVA,2,,,MC
4,12,GUERRERO,13,SAN MARCOS,57,TECOANAPA,,,REG_RP,PVEM,2,ROSALBA APARICIO HERNANDEZ,2,,,PVEM
4,12,GUERRERO,13,SAN MARCOS,57,TECOANAPA,,,REG_RP,MC,4,SONIA GUILLEN PEÑALOZA ,2,,,MC
4,12,GUERRERO,13,SAN MARCOS,57,TECOANAPA,,,REG_RP,PRD,1,SUSANO CANO RODRIGUEZ,1,,,PRD
4,12,GUERRERO,13,SAN MARCOS,57,TECOANAPA,,,REG_RP,MORENA,1,XOCHILTH MARLETH RAMIREZ CIPRIANO,2,,,MORENA
4,12,GUERRERO,13,SAN MARCOS,57,TECOANAPA,,,SIND_MR,PT_PVEM_MORENA,1,YENILETH SALMERON TACUBA,2,,,PVEM
4,12,GUERRERO,10,TECPAN DE GALEANA,58,TECPAN DE GALEANA,,,PRES_MUN,PT_PVEM_MORENA,1,ALBA IRIS SOBERANIS HERNANDEZ,2,,,PVEM
4,12,GUERRERO,10,TECPAN DE GALEANA,58,TECPAN DE GALEANA,,,REG_RP,MORENA,3,CLAUDIA TORRES LUCAS,2,,,MORENA
4,12,GUERRERO,10,TECPAN DE GALEANA,58,TECPAN DE GALEANA,,,REG_RP,PRI,1,FERNANDO DE LA ROSA GONZALEZ,1,,,PRI
4,12,GUERRERO,10,TECPAN DE GALEANA,58,TECPAN DE GALEANA,,,REG_RP,MORENA,2,JORGE ARTURO SIERRA ROSAS,1,,,MORENA
4,12,GUERRERO,10,TECPAN DE GALEANA,58,TECPAN DE GALEANA,,,REG_RP,MORENA,1,LORENA NIÑO NORIEGA,2,,,MORENA
4,12,GUERRERO,10,TECPAN DE GALEANA,58,TECPAN DE GALEANA,,,SIND_MR,PT_PVEM_MORENA,1,LUIS ENRIQUE ABARCA ABARCA,1,,,PVEM
4,12,GUERRERO,10,TECPAN DE GALEANA,58,TECPAN DE GALEANA,,,REG_RP,PRD,1,MARTIN ANTONIO RIOS AYALA,1,,,PRD
4,12,GUERRERO,10,TECPAN DE GALEANA,58,TECPAN DE GALEANA,,,REG_RP,PVEM,1,OLINKA AYALA RODRIGUEZ,2,,,PVEM
4,12,GUERRERO,10,TECPAN DE GALEANA,58,TECPAN DE GALEANA,,,REG_RP,MC,1,SAMUEL YAHIR JAIMES REBOLLAR,1,,,MC
4,12,GUERRERO,10,TECPAN DE GALEANA,58,TECPAN DE GALEANA,,,REG_RP,PRD,2,VIRIDIANA CEBRERO QUIROZ,2,,,PRD
4,12,GUERRERO,20,TELOLOAPAN,59,TELOLOAPAN,,,REG_RP,MORENA,1,BRISA SALLY MIRANDA NESTOR,2,,,MORENA
4,12,GUERRERO,20,TELOLOAPAN,59,TELOLOAPAN,,,REG_RP,PRD,1,LEOBARDO CUEVAS SALGADO,1,,,PRD
4,12,GUERRERO,20,TELOLOAPAN,59,TELOLOAPAN,,,REG_RP,PVEM,1,MA FELIX LUCIANO VARGAS,2,,,PVEM
4,12,GUERRERO,20,TELOLOAPAN,59,TELOLOAPAN,,,REG_RP,PRD,3,MANUEL BUSTAMANTE BLAS,1,,,PRD
4,12,GUERRERO,20,TELOLOAPAN,59,TELOLOAPAN,,,PRES_MUN,PRD,1,NARVEL MOJICA SOTELO,1,,,PRD
4,12,GUERRERO,20,TELOLOAPAN,59,TELOLOAPAN,,,REG_RP,PRD,4,PATRICIA BAHENA BATALLA,2,,,PRD
4,12,GUERRERO,20,TELOLOAPAN,59,TELOLOAPAN,,,SIND_MR,PRD,1,PETRA SALGADO BRITO,2,,,PRD
4,12,GUERRERO,20,TELOLOAPAN,59,TELOLOAPAN,,,REG_RP,MORENA,2,REYNA CALDERON ISIDRO,2,CANDIDATURAS DE DISCAPACIDAD,,MORENA
4,12,GUERRERO,20,TELOLOAPAN,59,TELOLOAPAN,,,REG_RP,PRD,2,VIRIDIANA BRITO SANCHEZ,2,,,PRD
4,12,GUERRERO,20,TELOLOAPAN,59,TELOLOAPAN,,,REG_RP,PRI,1,YURI BRITO ARROYO,2,,,PRI
4,12,GUERRERO,23,CIUDAD DE HUITZUCO,60,TEPECOACUILCO DE TRUJANO,,,REG_RP,PAN,1,ALEJANDRO ELIHU LOPEZ AVILA,1,,,PAN
4,12,GUERRERO,23,CIUDAD DE HUITZUCO,60,TEPECOACUILCO DE TRUJANO,,,REG_RP,MC,3,CIRILA CELESTINO MARTINEZ,2,,,MC
4,12,GUERRERO,23,CIUDAD DE HUITZUCO,60,TEPECOACUILCO DE TRUJANO,,,REG_RP,MORENA,1,EDWIN DINLERT ALMAZAN APONTE,1,,,MORENA
4,12,GUERRERO,23,CIUDAD DE HUITZUCO,60,TEPECOACUILCO DE TRUJANO,,,SIND_MR,PAN_PRI_PRD,1,ELENA ROJAS GONZALEZ,2,,,PAN
4,12,GUERRERO,23,CIUDAD DE HUITZUCO,60,TEPECOACUILCO DE TRUJANO,,,REG_RP,MORENA,2,EVANGELINA TORRES DE LA CRUZ,2,,,MORENA
4,12,GUERRERO,23,CIUDAD DE HUITZUCO,60,TEPECOACUILCO DE TRUJANO,,,REG_RP,PAN,2,GUADALUPE VAZQUEZ NAJERA,2,,,PAN
4,12,GUERRERO,23,CIUDAD DE HUITZUCO,60,TEPECOACUILCO DE TRUJANO,,,REG_RP,PAN,3,JUAN RAUL MARQUINA GARCIA,1,,,PAN
4,12,GUERRERO,23,CIUDAD DE HUITZUCO,60,TEPECOACUILCO DE TRUJANO,,,PRES_MUN,PAN_PRI_PRD,1,JULIO ALBERTO GALARZA CASTRO,1,,,PAN
4,12,GUERRERO,23,CIUDAD DE HUITZUCO,60,TEPECOACUILCO DE TRUJANO,,,REG_RP,MC,1,MARTA DOMINGUEZ GONZALEZ,2,,,MC
4,12,GUERRERO,23,CIUDAD DE HUITZUCO,60,TEPECOACUILCO DE TRUJANO,,,REG_RP,MC,2,RAFAEL DAMASO MENDOZA,1,,,MC
4,12,GUERRERO,21,TAXCO ,61,TETIPAC,,,REG_RP,PVEM,2,FELIX ANTERO SANCHEZ AGUILAR,1,CANDIDATURAS DE DISCAPACIDAD,,PVEM
4,12,GUERRERO,21,TAXCO ,61,TETIPAC,,,SIND_MR,PT_PVEM_MORENA,1,JOSE SALVADOR VERDAYES FIGUEROA,1,,,PVEM
4,12,GUERRERO,21,TAXCO ,61,TETIPAC,,,REG_RP,MORENA,1,JUANA MILLAN RODRIGUEZ,2,,,MORENA
4,12,GUERRERO,21,TAXCO ,61,TETIPAC,,,REG_RP,PAN,1,MA DE LA PAZ CASTILLO BUSTOS,2,,,PAN
4,12,GUERRERO,21,TAXCO ,61,TETIPAC,,,REG_RP,PT,1,MA GABRIELA AYALA HERRERA,2,,,PT
4,12,GUERRERO,21,TAXCO ,61,TETIPAC,,,PRES_MUN,PT_PVEM_MORENA,1,RITA PATIÑO MUÑOZ,2,,,PVEM
4,12,GUERRERO,21,TAXCO ,61,TETIPAC,,,REG_RP,PRI,1,ROCIO MAGDALENA BUSTOS BUSTOS,2,,,PRI
4,12,GUERRERO,21,TAXCO ,61,TETIPAC,,,REG_RP,PVEM,1,SANDRA RODRIGUEZ CASTILLO,2,,,PVEM
4,12,GUERRERO,24,TIXTLA,62,TIXTLA DE GUERRERO,,,PRES_MUN,PAN_PRI_PRD,1,ALBERTO MICHI CAMPOS,1,CANDIDATURAS INDIGENAS,,PRI
4,12,GUERRERO,24,TIXTLA,62,TIXTLA DE GUERRERO,,,REG_RP,PRD,1,ALTAGRACIA BELLO MENDOZA,2,,,PRD
4,12,GUERRERO,24,TIXTLA,62,TIXTLA DE GUERRERO,,,REG_RP,MORENA,1,ASAEL CATARINO LARA,1,CANDIDATURAS INDIGENAS,,MORENA
4,12,GUERRERO,24,TIXTLA,62,TIXTLA DE GUERRERO,,,REG_RP,MORENA,2,BLANCA ESTHER BAILON ISIDOR,2,CANDIDATURAS INDIGENAS,,MORENA
4,12,GUERRERO,24,TIXTLA,62,TIXTLA DE GUERRERO,,,REG_RP,PVEM,1,DELSY KARINA SALINAS GARCIA,2,CANDIDATURAS INDIGENAS,,PVEM
4,12,GUERRERO,24,TIXTLA,62,TIXTLA DE GUERRERO,,,REG_RP,MC,1,DULCE MARIA ALVARADO DE RAMONA,2,,,MC
4,12,GUERRERO,24,TIXTLA,62,TIXTLA DE GUERRERO,,,REG_RP,PBG,1,FLAVINO BARTOLO NARANJO ,1,CANDIDATURAS INDIGENAS,,PBG
4,12,GUERRERO,24,TIXTLA,62,TIXTLA DE GUERRERO,,,REG_RP,PAN,1,MARCELA SANCHEZ MUÑOZ,2,,,PAN
4,12,GUERRERO,24,TIXTLA,62,TIXTLA DE GUERRERO,,,REG_RP,PRI,1,SAMUEL MOLINA FLORES,1,CANDIDATURAS INDIGENAS,,PRI
4,12,GUERRERO,24,TIXTLA,62,TIXTLA DE GUERRERO,,,SIND_MR,PAN_PRI_PRD,1,VIRGINIA CATALAN CONTRERAS,2,CANDIDATURAS INDIGENAS,,PRI
4,12,GUERRERO,16,OMETEPEC,63,TLACOACHISTLAHUACA,,,REG_RP,MORENA,2,AMADO CRECENCIO GONZAGA,1,CANDIDATURAS INDIGENAS,,MORENA
4,12,GUERRERO,16,OMETEPEC,63,TLACOACHISTLAHUACA,,,SIND_MR,PVEM,1,ANGELA FABIAN LOPEZ,2,CANDIDATURAS INDIGENAS,,PVEM
4,12,GUERRERO,16,OMETEPEC,63,TLACOACHISTLAHUACA,,,PRES_MUN,PVEM,1,EMMANUEL CUEVAS RODRIGUEZ,1,CANDIDATURAS INDIGENAS,,PVEM
4,12,GUERRERO,16,OMETEPEC,63,TLACOACHISTLAHUACA,,,REG_RP,PRI,1,MARTIN RAMIREZ TENORIO,1,CANDIDATURAS INDIGENAS,,PRI
4,12,GUERRERO,16,OMETEPEC,63,TLACOACHISTLAHUACA,,,REG_RP,PVEM,1,ROBERTO LOPEZ YBARRA,1,CANDIDATURAS INDIGENAS,,PVEM
4,12,GUERRERO,16,OMETEPEC,63,TLACOACHISTLAHUACA,,,REG_RP,MORENA,1,VERONICA HERNANDEZ ZENON,2,CANDIDATURAS INDIGENAS,,MORENA
4,12,GUERRERO,16,OMETEPEC,63,TLACOACHISTLAHUACA,,,REG_RP,PVEM,4,YAZMIN CONDO ROSENDO,2,CANDIDATURAS INDIGENAS,,PVEM
4,12,GUERRERO,16,OMETEPEC,63,TLACOACHISTLAHUACA,,,REG_RP,PVEM,2,ZAIDA CERVANTES LOPEZ,2,CANDIDATURAS INDIGENAS,,PVEM
4,12,GUERRERO,14,AYUTLA DE LOS LIBRES,64,TLACOAPA,,,PRES_MUN,PVEM,1,ALFREDO CANTU FAUSTINO,1,CANDIDATURAS INDIGENAS,,PVEM
4,12,GUERRERO,14,AYUTLA DE LOS LIBRES,64,TLACOAPA,,,REG_RP,PVEM,4,BENIGNA BETO ARCE,2,CANDIDATURAS INDIGENAS,,PVEM
4,12,GUERRERO,14,AYUTLA DE LOS LIBRES,64,TLACOAPA,,,REG_RP,PRD,1,GENTIL ESPINOZA ROSAS,1,CANDIDATURAS INDIGENAS,,PRD
4,12,GUERRERO,14,AYUTLA DE LOS LIBRES,64,TLACOAPA,,,SIND_MR,PVEM,1,LUCIA MENDEZ MIGUEL,2,CANDIDATURAS INDIGENAS,,PVEM
4,12,GUERRERO,14,AYUTLA DE LOS LIBRES,64,TLACOAPA,,,REG_RP,MORENA,2,MIRIAN BARRAGAN ROSALES,2,CANDIDATURAS INDIGENAS,,MORENA
4,12,GUERRERO,14,AYUTLA DE LOS LIBRES,64,TLACOAPA,,,REG_RP,PT,1,MOISES DIAZ CRISTINO,1,CANDIDATURAS INDIGENAS,,PT
4,12,GUERRERO,14,AYUTLA DE LOS LIBRES,64,TLACOAPA,,,REG_RP,MC,1,PASTOR MARCIAL GALEANA,1,CANDIDATURAS INDIGENAS,,MC
4,12,GUERRERO,14,AYUTLA DE LOS LIBRES,64,TLACOAPA,,,REG_RP,PVEM,2,VICTORINA ROSENDO ARCE,2,CANDIDATURAS INDIGENAS,,PVEM
4,12,GUERRERO,18,CD ALTAMIRANO,65,TLALCHAPA,,,REG_RP,MORENA,1,ADALINDA MUNDO DIAZ,2,,,MORENA
4,12,GUERRERO,18,CD ALTAMIRANO,65,TLALCHAPA,,,REG_RP,MORENA,3,ALEJANDRINA RENTERIA ARIAS,2,,,MORENA
4,12,GUERRERO,18,CD ALTAMIRANO,65,TLALCHAPA,,,REG_RP,PVEM,1,ANA YANTZIN MARTINEZ UGARTE,2,,,PVEM
4,12,GUERRERO,18,CD ALTAMIRANO,65,TLALCHAPA,,,REG_RP,MORENA,2,ANGEL DE LA PAZ BAUTISTA,1,,,MORENA
4,12,GUERRERO,18,CD ALTAMIRANO,65,TLALCHAPA,,,REG_RP,PRI,1,JERALDINE CORNELIO PEÑA,2,CANDIDATURAS DE DISCAPACIDAD,,PRI
4,12,GUERRERO,18,CD ALTAMIRANO,65,TLALCHAPA,,,REG_RP,PVEM,2,JORGE BAZA CASTILLO,1,CANDIDATURAS DE DISCAPACIDAD,,PVEM
4,12,GUERRERO,18,CD ALTAMIRANO,65,TLALCHAPA,,,SIND_MR,PT_PVEM_MORENA,1,ROGELIO PEREZ JAIMES,1,,,MORENA
4,12,GUERRERO,18,CD ALTAMIRANO,65,TLALCHAPA,,,PRES_MUN,PT_PVEM_MORENA,1,TANIA MORA EGUILUZ,2,,,MORENA
4,12,GUERRERO,27,TLAPA,66,TLALIXTAQUILLA DE MALDONADO,,,REG_RP,PT,1,BRAYAN VARGAS MIRON,1,CANDIDATURAS INDIGENAS,,PT
4,12,GUERRERO,27,TLAPA,66,TLALIXTAQUILLA DE MALDONADO,,,REG_RP,MC,1,CARMELO GERARDO QUIRINO LOPEZ,1,CANDIDATURAS INDIGENAS,,MC
4,12,GUERRERO,27,TLAPA,66,TLALIXTAQUILLA DE MALDONADO,,,REG_RP,PRI,1,ELIZABEHT LAUREANO ALEJANDRO,2,CANDIDATURAS INDIGENAS,,PRI
4,12,GUERRERO,27,TLAPA,66,TLALIXTAQUILLA DE MALDONADO,,,PRES_MUN,MC,1,JERONIMO MALDONADO VERA,1,CANDIDATURAS INDIGENAS,,MC
4,12,GUERRERO,27,TLAPA,66,TLALIXTAQUILLA DE MALDONADO,,,SIND_MR,MC,1,MARYCARMEN VAZQUEZ CHAVEZ,2,CANDIDATURAS INDIGENAS,,MC
4,12,GUERRERO,27,TLAPA,66,TLALIXTAQUILLA DE MALDONADO,,,REG_RP,MORENA,1,OBDULIA ROMERO CORTES,2,CANDIDATURAS INDIGENAS,,MORENA
4,12,GUERRERO,27,TLAPA,66,TLALIXTAQUILLA DE MALDONADO,,,REG_RP,PT,2,SILVINA OLIVERA JULIO,2,CANDIDATURAS INDIGENAS,,PT
4,12,GUERRERO,27,TLAPA,66,TLALIXTAQUILLA DE MALDONADO,,,REG_RP,MC,2,VICTORINA ROMERO HERNANDEZ,2,,,MC
4,12,GUERRERO,27,TLAPA,67,TLAPA DE COMONFORT,,,REG_RP,MLGRO,1,ANGEL ESPINOBARROS URBANO,1,CANDIDATURAS INDIGENAS,,MLGRO
4,12,GUERRERO,27,TLAPA,67,TLAPA DE COMONFORT,,,REG_RP,PRI,4,DANIELA BALTAZAR GARCIA,2,,,PRI
4,12,GUERRERO,27,TLAPA,67,TLAPA DE COMONFORT,,,REG_RP,PBG,2,DENNIS CANCINO CASTRO,2,CANDIDATURAS INDIGENAS,,PBG
4,12,GUERRERO,27,TLAPA,67,TLAPA DE COMONFORT,,,REG_RP,PT,2,EDITH MORAN REYES,2,CANDIDATURAS INDIGENAS,,PT
4,12,GUERRERO,27,TLAPA,67,TLAPA DE COMONFORT,,,REG_RP,PBG,1,ENEDINO RAMIREZ VILLANO,1,CANDIDATURAS INDIGENAS,,PBG
4,12,GUERRERO,27,TLAPA,67,TLAPA DE COMONFORT,,,REG_RP,PRI,1,EPIFANIO SOLANO ARRIAGA,1,CANDIDATURAS INDIGENAS,,PRI
4,12,GUERRERO,27,TLAPA,67,TLAPA DE COMONFORT,,,PRES_MUN,PAN_PRI_PRD,1,GILBERTO SOLANO ARREAGA,1,CANDIDATURAS INDIGENAS,,PRD
4,12,GUERRERO,27,TLAPA,67,TLAPA DE COMONFORT,,,REG_RP,PT,1,JOSE LUIS LEON AGUILAR,1,CANDIDATURAS INDIGENAS,,PT
4,12,GUERRERO,27,TLAPA,67,TLAPA DE COMONFORT,,,SIND_MR,PAN_PRI_PRD,1,LETICIA SIERRA OLOZAGASTE,2,CANDIDATURAS INDIGENAS,,PRD
4,12,GUERRERO,27,TLAPA,67,TLAPA DE COMONFORT,,,REG_RP,MLGRO,2,MA DEL ROCIO HURTADO NAVARRO,2,CANDIDATURAS INDIGENAS,,MLGRO
4,12,GUERRERO,27,TLAPA,67,TLAPA DE COMONFORT,,,REG_RP,PRI,2,MARIA EDITHZABETH PARRA ZURITA,2,CANDIDATURAS INDIGENAS,,PRI
4,12,GUERRERO,27,TLAPA,67,TLAPA DE COMONFORT,,,REG_RP,MORENA,1,PAVEL SILVESTRE GOMEZ FLORES,1,CANDIDATURAS INDIGENAS,,MORENA
4,12,GUERRERO,18,CD ALTAMIRANO,68,TLAPEHUALA,,,REG_RP,PRI,3,ARTURO LEON JUAN,1,,,PRI
4,12,GUERRERO,18,CD ALTAMIRANO,68,TLAPEHUALA,,,REG_RP,MORENA,2,JESUS JAVIER GUTIERREZ CRUZ,1,,,MORENA
4,12,GUERRERO,18,CD ALTAMIRANO,68,TLAPEHUALA,,,PRES_MUN,PRI,1,JOSE LUIS ANTUNEZ GOICOCHEA,1,,,PRI
4,12,GUERRERO,18,CD ALTAMIRANO,68,TLAPEHUALA,,,REG_RP,PRI,2,MA DEL CARMEN BARRERA GALARZA,2,,,PRI
4,12,GUERRERO,18,CD ALTAMIRANO,68,TLAPEHUALA,,,REG_RP,MORENA,3,MA EDITH AGUIRRE FLORES,2,,,MORENA
4,12,GUERRERO,18,CD ALTAMIRANO,68,TLAPEHUALA,,,REG_RP,MORENA,1,MA ISABEL QUINTANA GOMEZ,2,,,MORENA
4,12,GUERRERO,18,CD ALTAMIRANO,68,TLAPEHUALA,,,SIND_MR,PRI,1,MARICELA CRUZ CEDILLO,2,,,PRI
4,12,GUERRERO,18,CD ALTAMIRANO,68,TLAPEHUALA,,,REG_RP,PRI,1,ZENON HUERTA ARELLANO,1,,,PRI
4,12,GUERRERO,12,ZIHUATANEJO,69,LA UNION DE ISIDORO MONTES DE OCA,,,REG_RP,PRD,2,CLAUDIA ROSAS RUIZ,2,,,PRD
4,12,GUERRERO,12,ZIHUATANEJO,69,LA UNION DE ISIDORO MONTES DE OCA,,,REG_RP,MORENA,2,EDILIA SANCHEZ MORENO,2,,,MORENA
4,12,GUERRERO,12,ZIHUATANEJO,69,LA UNION DE ISIDORO MONTES DE OCA,,,REG_RP,PRI,1,EFRAIN GALEANA ALVAREZ,1,,,PRI
4,12,GUERRERO,12,ZIHUATANEJO,69,LA UNION DE ISIDORO MONTES DE OCA,,,REG_RP,MORENA,1,FELIPE PEREZ SILVA,1,CANDIDATURAS DE LA DIVERSIDAD SEXUAL,,MORENA
4,12,GUERRERO,12,ZIHUATANEJO,69,LA UNION DE ISIDORO MONTES DE OCA,,,REG_RP,PVEM,1,HOMERO PERALTA AYALA,1,,,PVEM
4,12,GUERRERO,12,ZIHUATANEJO,69,LA UNION DE ISIDORO MONTES DE OCA,,,PRES_MUN,PRD,1,JOSE FRANCISCO SUAZO ESPINO,1,,,PRD
4,12,GUERRERO,12,ZIHUATANEJO,69,LA UNION DE ISIDORO MONTES DE OCA,,,REG_RP,PRD,4,LISETH MUÑOZ RAMIREZ,2,CANDIDATURAS DE DISCAPACIDAD,,PRD
4,12,GUERRERO,12,ZIHUATANEJO,69,LA UNION DE ISIDORO MONTES DE OCA,,,SIND_MR,PRD,1,MARIA SANCHEZ RAMIREZ,2,,,PRD
4,12,GUERRERO,12,ZIHUATANEJO,69,LA UNION DE ISIDORO MONTES DE OCA,,,REG_RP,PRD,1,ORLANDO IBARRA ZARCO,1,,,PRD
4,12,GUERRERO,12,ZIHUATANEJO,69,LA UNION DE ISIDORO MONTES DE OCA,,,REG_RP,PRI,2,PATRICIA CANO RAMIREZ,2,,,PRI
4,12,GUERRERO,27,TLAPA,70,XALPATLAHUAC,,,REG_RP,PRD,1,BARTOLO CASARRUBIAS DE LOS SANTOS,1,,,PRD
4,12,GUERRERO,27,TLAPA,70,XALPATLAHUAC,,,SIND_MR,MC,1,CECILIA TAPIA MARTINEZ,2,CANDIDATURAS INDIGENAS,,MC
4,12,GUERRERO,27,TLAPA,70,XALPATLAHUAC,,,REG_RP,PRI,2,DOROTEO GREGORIO CANDIA,1,CANDIDATURAS INDIGENAS,,PRI
4,12,GUERRERO,27,TLAPA,70,XALPATLAHUAC,,,REG_RP,MC,1,FAUSTINO BRAVO RUIZ,1,CANDIDATURAS INDIGENAS,,MC
4,12,GUERRERO,27,TLAPA,70,XALPATLAHUAC,,,REG_RP,MC,2,NATIVIDAD LEON MOSSO,2,CANDIDATURAS INDIGENAS,,MC
4,12,GUERRERO,27,TLAPA,70,XALPATLAHUAC,,,PRES_MUN,MC,1,RAMON LORENZO CARDENAS,1,CANDIDATURAS INDIGENAS,,MC
4,12,GUERRERO,27,TLAPA,70,XALPATLAHUAC,,,REG_RP,MORENA,1,SANDIBELL ROQUE ESPINOZA,2,CANDIDATURAS INDIGENAS,,MORENA
4,12,GUERRERO,27,TLAPA,70,XALPATLAHUAC,,,REG_RP,PRI,1,SEBASTIANA PELAEZ GALVEZ,2,CANDIDATURAS INDIGENAS,,PRI
4,12,GUERRERO,26,OLINALA,71,XOCHIHUEHUETLAN,,,REG_RP,PRD,2,BRISSETT ANALI TORIBIO MORALES,2,,,PRD
4,12,GUERRERO,26,OLINALA,71,XOCHIHUEHUETLAN,,,REG_RP,MORENA,2,ELIDIA VARGAS RODRIGUEZ,2,CANDIDATURAS INDIGENAS,,MORENA
4,12,GUERRERO,26,OLINALA,71,XOCHIHUEHUETLAN,,,REG_RP,MORENA,1,EMILIANO GARCIA GONZALEZ,1,CANDIDATURAS INDIGENAS,,MORENA
4,12,GUERRERO,26,OLINALA,71,XOCHIHUEHUETLAN,,,REG_RP,MLGRO,1,JUAN CARLOS FLORES LUCERO,1,CANDIDATURAS INDIGENAS,,MLGRO
4,12,GUERRERO,26,OLINALA,71,XOCHIHUEHUETLAN,,,PRES_MUN,MORENA,1,JUAN CARLOS RIVERA FRUCTUOSO,1,CANDIDATURAS INDIGENAS,,MORENA
4,12,GUERRERO,26,OLINALA,71,XOCHIHUEHUETLAN,,,SIND_MR,MORENA,1,JULIA RIVERA GUZMAN,2,CANDIDATURAS INDIGENAS,,MORENA
4,12,GUERRERO,26,OLINALA,71,XOCHIHUEHUETLAN,,,REG_RP,PRD,1,MARTIN SORIANO GARCIA,1,,,PRD
4,12,GUERRERO,26,OLINALA,71,XOCHIHUEHUETLAN,,,REG_RP,MORENA,4,OLGA LIBIA RIVERA QUIÑONEZ,2,CANDIDATURAS DE LA DIVERSIDAD SEXUAL,,MORENA
4,12,GUERRERO,16,OMETEPEC,72,XOCHISTLAHUACA,,,REG_RP,MORENA,4,ATENOGENES ANSELMO CONCEPCION,1,CANDIDATURAS DE DISCAPACIDAD,,MORENA
4,12,GUERRERO,16,OMETEPEC,72,XOCHISTLAHUACA,,,REG_RP,MORENA,2,CELERINO IGNACIO SANTIAGO,1,CANDIDATURAS INDIGENAS,,MORENA
4,12,GUERRERO,16,OMETEPEC,72,XOCHISTLAHUACA,,,REG_RP,PRI,3,ISABEL SANTIAGO FRANCISCO,2,CANDIDATURAS INDIGENAS,,PRI
4,12,GUERRERO,16,OMETEPEC,72,XOCHISTLAHUACA,,,SIND_MR,MORENA,1,JOSE FELIPE LOPEZ NESTOR,1,CANDIDATURAS INDIGENAS,,MORENA
4,12,GUERRERO,16,OMETEPEC,72,XOCHISTLAHUACA,,,REG_RP,PRI,1,JUDITH GRACIELA PELAEZ MARTINEZ,2,CANDIDATURAS INDIGENAS,,PRI
4,12,GUERRERO,16,OMETEPEC,72,XOCHISTLAHUACA,,,REG_RP,PRI,2,LEODIGARIO DEL ROSARIO NESTOR,1,CANDIDATURAS INDIGENAS,,PRI
4,12,GUERRERO,16,OMETEPEC,72,XOCHISTLAHUACA,,,PRES_MUN,MORENA,1,MARIA ROJAS PINEDA,2,CANDIDATURAS INDIGENAS,,MORENA
4,12,GUERRERO,16,OMETEPEC,72,XOCHISTLAHUACA,,,REG_RP,MORENA,1,RADEGUNDIS REYNA MOCTEZUMA TAPIA,2,CANDIDATURAS INDIGENAS,,MORENA
4,12,GUERRERO,16,OMETEPEC,72,XOCHISTLAHUACA,,,REG_RP,PRI,4,RAFAEL SOLANO GERVACIA,1,CANDIDATURAS INDIGENAS,,PRI
4,12,GUERRERO,16,OMETEPEC,72,XOCHISTLAHUACA,,,REG_RP,MORENA,3,ROSAELIA GARCIA GARCIA,2,CANDIDATURAS INDIGENAS,,MORENA
4,12,GUERRERO,14,AYUTLA DE LOS LIBRES,73,ZAPOTITLAN TABLAS,,,REG_RP,PAC,1,ABAD VAZQUEZ RODRIGUEZ,1,CANDIDATURAS INDIGENAS,,PAC
4,12,GUERRERO,14,AYUTLA DE LOS LIBRES,73,ZAPOTITLAN TABLAS,,,REG_RP,MORENA,1,ALEJO FLORES MENTADO,1,CANDIDATURAS INDIGENAS,,MORENA
4,12,GUERRERO,14,AYUTLA DE LOS LIBRES,73,ZAPOTITLAN TABLAS,,,PRES_MUN,PT,1,CRESCENCIANO CRUZ CANDIA,1,CANDIDATURAS INDIGENAS,,PT
4,12,GUERRERO,14,AYUTLA DE LOS LIBRES,73,ZAPOTITLAN TABLAS,,,SIND_MR,PT,1,EUSEBIA GARCIA MORAN,2,CANDIDATURAS INDIGENAS,,PT
4,12,GUERRERO,14,AYUTLA DE LOS LIBRES,73,ZAPOTITLAN TABLAS,,,REG_RP,PT,2,LUCIA GUZMAN SANCHEZ,2,CANDIDATURAS INDIGENAS,,PT
4,12,GUERRERO,14,AYUTLA DE LOS LIBRES,73,ZAPOTITLAN TABLAS,,,REG_RP,MLGRO,1,RAYMUNDO PARRA BOLAÑO,1,CANDIDATURAS INDIGENAS,,MLGRO
4,12,GUERRERO,14,AYUTLA DE LOS LIBRES,73,ZAPOTITLAN TABLAS,,,REG_RP,PRD,1,YADIRA MELO BASILIO,2,CANDIDATURAS INDIGENAS,,PRD
4,12,GUERRERO,14,AYUTLA DE LOS LIBRES,73,ZAPOTITLAN TABLAS,,,REG_RP,MC,1,YURITZI CARRILLO SANCHEZ,2,CANDIDATURAS INDIGENAS,,MC
4,12,GUERRERO,17,COYUCA,74,ZIRANDARO,,,REG_RP,PRD,1,DANIEL DE LA MADRID GARCIA,1,,,PRD
4,12,GUERRERO,17,COYUCA,74,ZIRANDARO,,,REG_RP,PRI,1,DENISS GARCIA LOPEZ,2,,,PRI
4,12,GUERRERO,17,COYUCA,74,ZIRANDARO,,,REG_RP,MORENA,2,ERIKA BETZABET PEÑALOZA ANDAYA,2,,,MORENA
4,12,GUERRERO,17,COYUCA,74,ZIRANDARO,,,PRES_MUN,PAN_PRI_PRD,1,JAIME TORRES GARCIA,1,,,PRD
4,12,GUERRERO,17,COYUCA,74,ZIRANDARO,,,REG_RP,MORENA,1,JESUS MEJIA PACHECO,1,,,MORENA
4,12,GUERRERO,17,COYUCA,74,ZIRANDARO,,,REG_RP,MORENA,3,JORGE GARCIA PEREZ,1,,,MORENA
4,12,GUERRERO,17,COYUCA,74,ZIRANDARO,,,REG_RP,PRD,2,MARIBEL MANZANARES BALDOVINOS,2,,,PRD
4,12,GUERRERO,17,COYUCA,74,ZIRANDARO,,,SIND_MR,PAN_PRI_PRD,1,ROSANGEL ALBERTO PINEDA,2,,,PRD
4,12,GUERRERO,24,TIXTLA,75,ZITLALA,,,REG_RP,PRI,2,ANSELMA OLEA DOMINGUEZ,2,CANDIDATURAS INDIGENAS,,PRI
4,12,GUERRERO,24,TIXTLA,75,ZITLALA,,,REG_RP,PAN,1,JAIR GARCIA TLATEMPA,1,CANDIDATURAS INDIGENAS,,PAN
4,12,GUERRERO,24,TIXTLA,75,ZITLALA,,,REG_RP,PRD,2,JOSEFINA PROCOPIO MAURICIO,2,CANDIDATURAS INDIGENAS,,PRD
4,12,GUERRERO,24,TIXTLA,75,ZITLALA,,,PRES_MUN,PRD,1,KHALIA ARELI RAMOS DECENA,2,CANDIDATURAS INDIGENAS,,PRD
4,12,GUERRERO,24,TIXTLA,75,ZITLALA,,,REG_RP,MORENA,1,MARLEM ESTEBAN ROSSEL ,2,CANDIDATURAS INDIGENAS,,MORENA
4,12,GUERRERO,24,TIXTLA,75,ZITLALA,,,SIND_MR,PRD,1,OSCAR DANIEL TLACOTEMPA LORENZO,1,CANDIDATURAS INDIGENAS,,PRD
4,12,GUERRERO,24,TIXTLA,75,ZITLALA,,,REG_RP,PRI,1,SULPICIO MORALES VILLANUEVA,1,CANDIDATURAS INDIGENAS,,PRI
4,12,GUERRERO,24,TIXTLA,75,ZITLALA,,,REG_RP,PRD,1,TERESA CUCHILLO AXEL,2,CANDIDATURAS INDIGENAS,,PRD
4,12,GUERRERO,14,AYUTLA DE LOS LIBRES,76,ACATEPEC,,,PRES_MUN,PT_PVEM_MORENA,1,ANGEL AGUILAR ROMERO,1,CANDIDATURAS INDIGENAS,,PVEM
4,12,GUERRERO,14,AYUTLA DE LOS LIBRES,76,ACATEPEC,,,REG_RP,PRD,3,LEONEL CORNELIO GUZMAN,1,CANDIDATURAS INDIGENAS,,PRD
4,12,GUERRERO,14,AYUTLA DE LOS LIBRES,76,ACATEPEC,,,SIND_MR,PT_PVEM_MORENA,1,LOURDES DIRCIO ESPINOZA,2,CANDIDATURAS INDIGENAS,,PVEM
4,12,GUERRERO,14,AYUTLA DE LOS LIBRES,76,ACATEPEC,,,REG_RP,PVEM,4,LOURDES ENRRIQUE SANTOS,2,CANDIDATURAS INDIGENAS,,PVEM
4,12,GUERRERO,14,AYUTLA DE LOS LIBRES,76,ACATEPEC,,,REG_RP,PRD,1,MARCELINO SANTIAGO NATALIO,1,CANDIDATURAS INDIGENAS,,PRD
4,12,GUERRERO,14,AYUTLA DE LOS LIBRES,76,ACATEPEC,,,REG_RP,PRD,2,MARGARITA SANCHEZ SANTIAGO,2,CANDIDATURAS INDIGENAS,,PRD
4,12,GUERRERO,14,AYUTLA DE LOS LIBRES,76,ACATEPEC,,,REG_RP,MORENA,1,NOE AVELINO VELAZQUEZ ESTEBAN,1,CANDIDATURAS INDIGENAS,,MORENA
4,12,GUERRERO,14,AYUTLA DE LOS LIBRES,76,ACATEPEC,,,REG_RP,PRD,4,NORMA ELVIRA NERI CANDIDO,2,CANDIDATURAS DE DISCAPACIDAD,,PRD
4,12,GUERRERO,14,AYUTLA DE LOS LIBRES,76,ACATEPEC,,,REG_RP,PVEM,2,PAULINA DIAZ NERI,2,CANDIDATURAS INDIGENAS,,PVEM
4,12,GUERRERO,14,AYUTLA DE LOS LIBRES,76,ACATEPEC,,,REG_RP,PVEM,1,SILVANO MORALES CASTRO,1,CANDIDATURAS INDIGENAS,,PVEM
4,12,GUERRERO,25,CHILAPA,77,JOSE JOAQUIN DE HERRERA,,,SIND_MR,PT_PVEM_MORENA,1,ANDRES VALENTIN SALVADOR GONZALEZ,1,CANDIDATURAS INDIGENAS,,PVEM
4,12,GUERRERO,25,CHILAPA,77,JOSE JOAQUIN DE HERRERA,,,REG_RP,PVEM,2,DONATO SANTOS AVILEZ BELLO,1,CANDIDATURAS INDIGENAS,,PVEM
4,12,GUERRERO,25,CHILAPA,77,JOSE JOAQUIN DE HERRERA,,,REG_RP,PRI,2,FLORA GATICA MORALES,2,CANDIDATURAS INDIGENAS,,PRI
4,12,GUERRERO,25,CHILAPA,77,JOSE JOAQUIN DE HERRERA,,,REG_RP,PVEM,1,GUADALUPE CARBALLO MENESES,2,CANDIDATURAS INDIGENAS,,PVEM
4,12,GUERRERO,25,CHILAPA,77,JOSE JOAQUIN DE HERRERA,,,REG_RP,PRI,1,IGNACIO JUAREZ GASPAR,1,CANDIDATURAS INDIGENAS,,PRI
4,12,GUERRERO,25,CHILAPA,77,JOSE JOAQUIN DE HERRERA,,,REG_RP,MORENA,1,JAQUELINA ROMERO JIMENEZ,2,CANDIDATURAS INDIGENAS,,MORENA
4,12,GUERRERO,25,CHILAPA,77,JOSE JOAQUIN DE HERRERA,,,PRES_MUN,PT_PVEM_MORENA,1,MICAELA MANZANO MARTINEZ,2,CANDIDATURAS INDIGENAS,,PVEM
4,12,GUERRERO,25,CHILAPA,77,JOSE JOAQUIN DE HERRERA,,,REG_RP,MORENA,2,SOFIO JUAREZ ROJAS,1,CANDIDATURAS DE DISCAPACIDAD,,MORENA
4,12,GUERRERO,28,SAN LUIS ACATLAN,78,ILIATENCO,,,REG_RP,MORENA,1,ADELFA CALLEJA GALINDO,2,CANDIDATURAS INDIGENAS,,MORENA
4,12,GUERRERO,28,SAN LUIS ACATLAN,78,ILIATENCO,,,SIND_MR,MC,1,ANASTACIA SANCHEZ DE AQUINO,2,,,MC
4,12,GUERRERO,28,SAN LUIS ACATLAN,78,ILIATENCO,,,REG_RP,PT,1,EUSTORGIO INES POLICARPO,1,CANDIDATURAS INDIGENAS,,PT
4,12,GUERRERO,28,SAN LUIS ACATLAN,78,ILIATENCO,,,REG_RP,PVEM,1,FELIX PACHECO LOPEZ,1,CANDIDATURAS INDIGENAS,,PVEM
4,12,GUERRERO,28,SAN LUIS ACATLAN,78,ILIATENCO,,,PRES_MUN,MC,1,GERARDO OLIVERA RAYMUNDO,1,CANDIDATURAS AFROMEXICANAS,,MC
4,12,GUERRERO,28,SAN LUIS ACATLAN,78,ILIATENCO,,,REG_RP,PRD,1,ISIDRA MENDOZA REA,2,CANDIDATURAS INDIGENAS,,PRD
4,12,GUERRERO,28,SAN LUIS ACATLAN,78,ILIATENCO,,,REG_RP,MC,2,MARIA LIBRADA ROMERO TOMAS,2,,,MC
4,12,GUERRERO,28,SAN LUIS ACATLAN,78,ILIATENCO,,,REG_RP,PES,1,PEDRO VALDEZ MOSSO,1,CANDIDATURAS INDIGENAS,,PES
4,12,GUERRERO,28,SAN LUIS ACATLAN,79,COCHOAPA EL GRANDE,,,REG_RP,PVEM,1,CELSO MALDONADO VAZQUEZ,1,CANDIDATURAS INDIGENAS,,PVEM
4,12,GUERRERO,28,SAN LUIS ACATLAN,79,COCHOAPA EL GRANDE,,,REG_RP,MORENA,1,CORAZON LUIS SOLANO,1,CANDIDATURAS INDIGENAS,,MORENA
4,12,GUERRERO,28,SAN LUIS ACATLAN,79,COCHOAPA EL GRANDE,,,REG_RP,PT,4,EUSEBIA RIVERA ITURBIDE,2,,,PT
4,12,GUERRERO,28,SAN LUIS ACATLAN,79,COCHOAPA EL GRANDE,,,REG_RP,MA,1,EVARISTO PRIMO GONZALEZ,1,CANDIDATURAS INDIGENAS,,MA
4,12,GUERRERO,28,SAN LUIS ACATLAN,79,COCHOAPA EL GRANDE,,,SIND_MR,PT,1,GREGORIA ORTEGA ROJAS,2,CANDIDATURAS INDIGENAS,,PT
4,12,GUERRERO,28,SAN LUIS ACATLAN,79,COCHOAPA EL GRANDE,,,PRES_MUN,PT,1,JAVIER GALVEZ GARCIA,1,CANDIDATURAS INDIGENAS,,PT
4,12,GUERRERO,28,SAN LUIS ACATLAN,79,COCHOAPA EL GRANDE,,,REG_RP,PAN,1,LUISA OLIVERA PRIMO,2,CANDIDATURAS INDIGENAS,,PAN
4,12,GUERRERO,28,SAN LUIS ACATLAN,79,COCHOAPA EL GRANDE,,,REG_RP,PT,2,OFELIA LORENZO NAVA,2,CANDIDATURAS INDIGENAS,,PT
4,12,GUERRERO,15,CRUZ GRANDE,80,MARQUELIA,,,PRES_MUN,PT,1,JAVIER TACUBA SALAS,1,CANDIDATURAS AFROMEXICANAS,,PT
4,12,GUERRERO,15,CRUZ GRANDE,80,MARQUELIA,,,REG_RP,PT,4,JULIA RUIZ FLORES,2,CANDIDATURAS DE DISCAPACIDAD,,PT
4,12,GUERRERO,15,CRUZ GRANDE,80,MARQUELIA,,,REG_RP,PAN,1,JULIO ALBERTO GONZALEZ ORTIZ,1,CANDIDATURAS AFROMEXICANAS,,PAN
4,12,GUERRERO,15,CRUZ GRANDE,80,MARQUELIA,,,REG_RP,MC,1,LUCIANO SANTIAGO ALVARADO,1,CANDIDATURAS AFROMEXICANAS,,MC
4,12,GUERRERO,15,CRUZ GRANDE,80,MARQUELIA,,,REG_RP,PT,2,MARLEN DUQUE RIVERA,2,,,PT
4,12,GUERRERO,15,CRUZ GRANDE,80,MARQUELIA,,,REG_RP,MORENA,1,PAULINA RAMOS GUTIERREZ,2,CANDIDATURAS AFROMEXICANAS,,MORENA
4,12,GUERRERO,15,CRUZ GRANDE,80,MARQUELIA,,,REG_RP,PRI,1,TOMAS LEONEL CASANOVA ORTEGA,1,CANDIDATURAS AFROMEXICANAS,,PRI
4,12,GUERRERO,15,CRUZ GRANDE,80,MARQUELIA,,,SIND_MR,PT,1,YOLITZCY CAYETANO MENDOZA,2,CANDIDATURAS AFROMEXICANAS,,PT
4,12,GUERRERO,15,CRUZ GRANDE,81,JUCHITAN,,,PRES_MUN,PAN_PRI_PRD,1,ANA LENIS RESENDIZ JAVIER,2,CANDIDATURAS AFROMEXICANAS,,PAN
4,12,GUERRERO,15,CRUZ GRANDE,81,JUCHITAN,,,REG_RP,PAN,2,EMILIO BUSTOS MENDOZA,1,CANDIDATURAS AFROMEXICANAS,,PAN
4,12,GUERRERO,15,CRUZ GRANDE,81,JUCHITAN,,,REG_RP,PAN,1,ERENDIRA JAVIER MOLINA,2,CANDIDATURAS AFROMEXICANAS,,PAN
4,12,GUERRERO,15,CRUZ GRANDE,81,JUCHITAN,,,REG_RP,MORENA,2,GISELLE VENTURA GARCIA,2,CANDIDATURAS AFROMEXICANAS,,MORENA
4,12,GUERRERO,15,CRUZ GRANDE,81,JUCHITAN,,,REG_RP,MC,1,JUAN RICARDO RAMIREZ SILVA,1,CANDIDATURAS AFROMEXICANAS,,MC
4,12,GUERRERO,15,CRUZ GRANDE,81,JUCHITAN,,,REG_RP,PVEM,1,MISAEL PARRAL RAMIREZ,1,CANDIDATURAS AFROMEXICANAS,,PVEM
4,12,GUERRERO,15,CRUZ GRANDE,81,JUCHITAN,,,REG_RP,MORENA,3,PATRICIA CHAVEZ RENDON,2,CANDIDATURAS DE DISCAPACIDAD,,MORENA
4,12,GUERRERO,15,CRUZ GRANDE,81,JUCHITAN,,,SIND_MR,PAN_PRI_PRD,1,WILBER RAMIREZ RODRIGUEZ,1,CANDIDATURAS AFROMEXICANAS,,PAN
4,12,GUERRERO,13,SAN MARCOS,83,LAS VIGAS,,,REG_RP,MORENA,1,ANITA LAGARA MEJIA,2,,,MORENA
4,12,GUERRERO,13,SAN MARCOS,83,LAS VIGAS,,,REG_RP,PRD,1,JAIME BIBIANO PANO,1,,,PRD
4,12,GUERRERO,13,SAN MARCOS,83,LAS VIGAS,,,PRES_MUN,PT_PVEM_MORENA,1,LEOPOLDINA CRUZ VENTURA,2,CANDIDATURAS AFROMEXICANAS,,MORENA
4,12,GUERRERO,13,SAN MARCOS,83,LAS VIGAS,,,REG_RP,PVEM,1,LESLY MICHEL SANDOVAL GARIBO,2,CANDIDATURAS DE DISCAPACIDAD,,PVEM
4,12,GUERRERO,13,SAN MARCOS,83,LAS VIGAS,,,REG_RP,PRD,2,MAYRA CARPIO HERMENEGILDO,2,,,PRD
4,12,GUERRERO,13,SAN MARCOS,83,LAS VIGAS,,,SIND_MR,PT_PVEM_MORENA,1,NICOLAS TORRES SALADO,1,CANDIDATURAS AFROMEXICANAS,,MORENA
4,12,GUERRERO,13,SAN MARCOS,83,LAS VIGAS,,,REG_RP,MORENA,2,VICTOR MANUEL PEREZ HERNANDEZ,1,,,MORENA
4,12,GUERRERO,13,SAN MARCOS,83,LAS VIGAS,,,REG_RP,MC,1,ZENAIDA MEJIA SOLANO,2,,,MC
4,12,GUERRERO,15,CRUZ GRANDE,84,SAN NICOLAS,,,REG_RP,MC,1,CAMILO ANGEL VELASQUEZ HERNANDEZ,1,CANDIDATURAS AFROMEXICANAS,,MC
4,12,GUERRERO,15,CRUZ GRANDE,84,SAN NICOLAS,,,REG_RP,PT,1,CINDY MARICHE RAMOS,2,CANDIDATURAS AFROMEXICANAS,,PT
4,12,GUERRERO,15,CRUZ GRANDE,84,SAN NICOLAS,,,REG_RP,PBG,1,MARVIN RAMIREZ NOYOLA,2,CANDIDATURAS AFROMEXICANAS,,PBG
4,12,GUERRERO,15,CRUZ GRANDE,84,SAN NICOLAS,,,REG_RP,PVEM,1,OLIVERIA SOSA CANDELA,2,CANDIDATURAS AFROMEXICANAS,,PVEM
4,12,GUERRERO,15,CRUZ GRANDE,84,SAN NICOLAS,,,SIND_MR,PT_PVEM_MORENA,1,OMAR ROMAN MARICHE,1,CANDIDATURAS AFROMEXICANAS,,PVEM
4,12,GUERRERO,15,CRUZ GRANDE,84,SAN NICOLAS,,,REG_RP,PVEM,2,PAULO TOMAS DOMINGUEZ AVILA,1,CANDIDATURAS AFROMEXICANAS,,PVEM
4,12,GUERRERO,15,CRUZ GRANDE,84,SAN NICOLAS,,,PRES_MUN,PT_PVEM_MORENA,1,TARSILA MOLINA GUZMAN,2,CANDIDATURAS AFROMEXICANAS,,PVEM
4,12,GUERRERO,15,CRUZ GRANDE,84,SAN NICOLAS,,,REG_RP,REGENERACION,1,VICTOR MARTINEZ SANTO,1,CANDIDATURAS AFROMEXICANAS,,REGENERACION
4,12,GUERRERO,28,SAN LUIS ACATLAN,85,SANTA CRUZ DEL RINCON,,,REG_RP,MLGRO,2,ANTONIA CASTRO ESPINOBARROS,2,CANDIDATURAS DE DISCAPACIDAD,,MLGRO
4,12,GUERRERO,28,SAN LUIS ACATLAN,85,SANTA CRUZ DEL RINCON,,,REG_RP,PRD,1,CRISTINA SANTANA LARA,2,CANDIDATURAS INDIGENAS,,PRD
4,12,GUERRERO,28,SAN LUIS ACATLAN,85,SANTA CRUZ DEL RINCON,,,REG_RP,PES,1,GUSTAVO RODRIGUEZ GARCIA,1,CANDIDATURAS INDIGENAS,,PES
4,12,GUERRERO,28,SAN LUIS ACATLAN,85,SANTA CRUZ DEL RINCON,,,SIND_MR,PT_PVEM_MORENA,1,MARIA DE LURDE ROBERTO MENDOZA,2,CANDIDATURAS INDIGENAS,,PT
4,12,GUERRERO,28,SAN LUIS ACATLAN,85,SANTA CRUZ DEL RINCON,,,REG_RP,PBG,1,RONA RUIGAN REA ZARATE,1,CANDIDATURAS INDIGENAS,,PBG
4,12,GUERRERO,28,SAN LUIS ACATLAN,85,SANTA CRUZ DEL RINCON,,,PRES_MUN,PT_PVEM_MORENA,1,SAID OLGUIN MENDOZA,1,CANDIDATURAS INDIGENAS,,PT
4,12,GUERRERO,28,SAN LUIS ACATLAN,85,SANTA CRUZ DEL RINCON,,,REG_RP,MLGRO,1,RAMIRO SANTANA POLICARPIO,1,CANDIDATURAS INDIGENAS,,MLGRO
4,12,GUERRERO,28,SAN LUIS ACATLAN,85,SANTA CRUZ DEL RINCON,,,REG_RP,PT,2,VALERIANA TIBURCIO MELQUIADES,2,CANDIDATURAS INDIGENAS,,PT
4,12,GUERRERO,1,CHILPANCINGO,,,,,DIP_LOC_MR,PT_PVEM_MORENA,1,HECTOR SUAREZ BASURTO,1,,,MORENA
4,12,GUERRERO,2,CHILPANCINGO,,,,,DIP_LOC_MR,PT_PVEM_MORENA,1,DIANA BERNABE VEGA,2,,,MORENA
4,12,GUERRERO,3,ACAPULCO,,,,,DIP_LOC_MR,PT_PVEM_MORENA,1,ALEJANDRO CARABIAS ICAZA,1,,,PVEM
4,12,GUERRERO,4,ACAPULCO,,,,,DIP_LOC_MR,PT_PVEM_MORENA,1,MARISOL BAZAN FERNANDEZ,2,CANDIDATURAS DE LA DIVERSIDAD SEXUAL,,MORENA
4,12,GUERRERO,5,ACAPULCO,,,,,DIP_LOC_MR,PT_PVEM_MORENA,1,ARTURO ALVAREZ ANGLI,1,,,PVEM
4,12,GUERRERO,6,ACAPULCO,,,,,DIP_LOC_MR,PT_PVEM_MORENA,1,VIOLETA MARTINEZ PACHECO,2,,,MORENA
4,12,GUERRERO,7,ACAPULCO,,,,,DIP_LOC_MR,PT_PVEM_MORENA,1,CARLOS EDUARDO BELLO SOLANO,1,,,MORENA
4,12,GUERRERO,8,ACAPULCO,,,,,DIP_LOC_MR,PT_PVEM_MORENA,1,MARCO TULIO SANCHEZ ALARCON,1,,,MORENA
4,12,GUERRERO,9,ACAPULCO,,,,,DIP_LOC_MR,MORENA,1,JOAQUIN BADILLO ESCAMILLA,1,,,MORENA
4,12,GUERRERO,10,TECPAN DE GALEANA,,,,,DIP_LOC_MR,PT_PVEM_MORENA,1,VLADIMIR BARRERA FUERTE,1,,,MORENA
4,12,GUERRERO,11,PETATLAN,,,,,DIP_LOC_MR,MORENA,1,LETICIA RODRIGUEZ ARMENTA,2,,,MORENA
4,12,GUERRERO,12,ZIHUATANEJO,,,,,DIP_LOC_MR,PT_PVEM_MORENA,1,RAFAEL MARTINEZ RAMIREZ,1,,,MORENA
4,12,GUERRERO,13,SAN MARCOS,,,,,DIP_LOC_MR,PT_PVEM_MORENA,1,GLADYS CORTES GENCHI,2,,,PVEM
4,12,GUERRERO,14,AYUTLA DE LOS LIBRES,,,,,DIP_LOC_MR,PT_PVEM_MORENA,1,CATALINA APOLINAR SANTIAGO,2,CANDIDATURAS INDIGENAS,,MORENA
4,12,GUERRERO,15,CRUZ GRANDE,,,,,DIP_LOC_MR,MORENA,1,GUADALUPE GARCIA VILLALVA,2,CANDIDATURAS AFROMEXICANAS,,MORENA
4,12,GUERRERO,16,OMETEPEC,,,,,DIP_LOC_MR,PT_PVEM_MORENA,1,CLAUDIA SIERRA PEREZ,2,CANDIDATURAS INDIGENAS,,PT
4,12,GUERRERO,17,COYUCA,,,,,DIP_LOC_MR,PAN_PRI_PRD,1,VICTOR HUGO VEGA HERNANDEZ,1,CANDIDATURAS DE LA DIVERSIDAD SEXUAL,,PRD
4,12,GUERRERO,18,CD ALTAMIRANO,,,,,DIP_LOC_MR,PAN_PRI_PRD,1,BULMARO TORRES BERRUM,1,,,PRI
4,12,GUERRERO,19,ZUMPANGO DEL RIO,,,,,DIP_LOC_MR,PT_PVEM_MORENA,1,CITLALI YARET TELLEZ CASTILLO,2,,,MORENA
4,12,GUERRERO,20,TELOLOAPAN,,,,,DIP_LOC_MR,PAN_PRI_PRD,1,ROBELL UROSTEGUI PATIÑO,1,,,PRI
4,12,GUERRERO,21,TAXCO ,,,,,DIP_LOC_MR,PT_PVEM_MORENA,1,OBDULIA NARANJO CABRERA,2,,,PVEM
4,12,GUERRERO,22,IGUALA,,,,,DIP_LOC_MR,PT_PVEM_MORENA,1,LUISSANA RAMOS PINEDA,2,,,MORENA
4,12,GUERRERO,23,CIUDAD DE HUITZUCO,,,,,DIP_LOC_MR,PT_PVEM_MORENA,1,ANA LILIA BOTELLO FIGUEROA,2,,,MORENA
4,12,GUERRERO,24,TIXTLA,,,,,DIP_LOC_MR,PAN_PRI_PRD,1,JORGE IVAN ORTEGA JIMENEZ,1,,,PRI
4,12,GUERRERO,25,CHILAPA,,,,,DIP_LOC_MR,PAN_PRI_PRD,1,JESUS PARRA GARCIA,1,CANDIDATURAS INDIGENAS,,PRD
4,12,GUERRERO,26,OLINALA,,,,,DIP_LOC_MR,PT_PVEM_MORENA,1,PANFILO SANCHEZ ALMAZAN,1,CANDIDATURAS INDIGENAS,,PT
4,12,GUERRERO,27,TLAPA,,,,,DIP_LOC_MR,PT_PVEM_MORENA,1,ARISTOTELES TITO ARROYO,1,CANDIDATURAS INDIGENAS,,MORENA
4,12,GUERRERO,28,SAN LUIS ACATLAN,,,,,DIP_LOC_MR,PT_PVEM_MORENA,1,EDGAR VENTURA DE LA CRUZ,1,CANDIDATURAS INDIGENAS,,PT
4,12,GUERRERO,,,,,,,DIP_LOC_RP,PRI ,1,ALEJANDRO BRAVO ABARCA,1,,,PRI 
4,12,GUERRERO,,,,,,,DIP_LOC_RP,MORENA,4,ARACELI OCAMPO MANZANARES,2,,,MORENA
4,12,GUERRERO,,,,,,,DIP_LOC_RP,PRI ,4,BEATRIZ VELEZ NUÑEZ,2,,,PRI 
4,12,GUERRERO,,,,,,,DIP_LOC_RP,PRD,1,ERIKA ISABEL GUILLEN ROMAN,2,,,PRD
4,12,GUERRERO,,,,,,,DIP_LOC_RP,MC,2,ERIKA LORENA LUHRS CORTES,2,,,MC
4,12,GUERRERO,,,,,,,DIP_LOC_RP,MORENA,6,GLAFIRA MEREZA PRUDENTE,2,CANDIDATURAS AFROMEXICANAS,,MORENA
4,12,GUERRERO,,,,,,,DIP_LOC_RP,MORENA,2,GLORIA CITLALI CALIXTO JIMENEZ,2,CANDIDATURAS DE LA DIVERSIDAD SEXUAL,,MORENA
4,12,GUERRERO,,,,,,,DIP_LOC_RP,PVEM,2,HILDA JENNIFER PNCE MENDOZA,2,,,PVEM
4,12,GUERRERO,,,,,,,DIP_LOC_RP,MORENA,1,JACINTO GONZALEZ VARONA,1,,,MORENA
4,12,GUERRERO,,,,,,,DIP_LOC_RP,PT_PVEM_MORENA,18,MA GUADALUPE EGUILUZ BAUTISTA ,2,CANDIDATURAS MIGRANTES,,MORENA
4,12,GUERRERO,,,,,,,DIP_LOC_RP,MORENA,5,PABLO AMILCAR SANDOVAL BALLESTEROS,1,,,MORENA
4,12,GUERRERO,,,,,,,DIP_LOC_RP,MORENA,3,JESUS EUGENIO URIOSTEGUI GARCIA,1,,,MORENA
4,12,GUERRERO,,,,,,,DIP_LOC_RP,MC,1,JULIAN LOPEZ GALEANA,1,,,MC
4,12,GUERRERO,,,,,,,DIP_LOC_RP,PT,1,LETICIA MOSSO HERNANDEZ,2,,,PT
4,12,GUERRERO,,,,,,,DIP_LOC_RP,PRI ,2,MA DEL PILAR VADILLO RUIZ,2,,,PRI 
4,12,GUERRERO,,,,,,,DIP_LOC_RP,PAN  ,1,MARIA IRENE MONTIEL SERVIN ,2,,,PAN  
4,12,GUERRERO,,,,,,,DIP_LOC_RP,PRD,2,REBECA NUÑEZ MARTIN DEL CAMPO,2,,,PRD
4,12,GUERRERO,,,,,,,DIP_LOC_RP,PVEM,4,JHOBANNY JIMENEZ MENDOZA,1,CANDIDATURAS INDIGENAS,,PVEM
