CIRCUNSCRIPCION,ID_ESTADO,NOMBRE_ESTADO,ID_DISTRITO_LOCAL,CABECERA_DISTRITAL_LOCAL,ID_MUNICIPIO,MUNICIPIO,SECCION,CASILLAS,ACTAS_CASILLA-MEC,PAN,PRI,PRD,PT,PVEM,MC,PAC,MORENA,PANALT,RSP,FXM,PAN_PRI,MORENA_RSP_PANALT,MORENA_PANALT,MORENA_RSP,RSP_PANALT,CAND_IND01,CAND_IND02,CAND_IND03,CAND_IND04,CAND_IND05,NUM_VOTOS_CAN_NREG,NUM_VOTOS_VALIDOS,NUM_VOTOS_NULOS,TOTAL_VOTOS,LISTA_NOMINAL
4,29,TLAXCALA,1,SAN ANTONIO CALPULALPAN,21,NANACAMILPA DE MARIANO ARISTA,0,0,1,1,1,0,0,1,0,0,0,0,0,0,0,0,0,0,0,0,0,0,0,0,0,3,0,3,3
4,29,TLAXCALA,2,TLAXCO DE MORELOS,3,APIZACO,0,0,1,0,0,0,0,0,0,0,3,0,0,0,0,0,0,0,0,0,0,0,0,0,0,3,3,6,6
4,29,TLAXCALA,2,TLAXCO DE MORELOS,34,TLAXCO,0,0,1,1,4,0,0,0,0,0,1,0,0,0,0,0,0,0,0,0,0,0,0,0,0,6,0,6,7
4,29,TLAXCALA,2,TLAXCO DE MORELOS,43,YAUHQUEMEHCAN,0,0,1,0,1,0,0,0,0,1,1,1,0,0,0,0,0,0,0,0,0,0,0,0,0,4,0,4,4
4,29,TLAXCALA,3,SANTIAGO TETLA,4,ATLANGATEPEC,0,0,1,0,0,0,0,0,0,0,0,0,0,0,0,0,0,0,0,0,0,0,0,0,0,0,1,1,1
4,29,TLAXCALA,3,SANTIAGO TETLA,31,TETLA DE LA SOLIDARIDAD,0,0,1,0,0,0,0,0,0,1,0,0,0,0,0,0,0,0,0,0,0,0,0,0,0,1,0,1,1
4,29,TLAXCALA,3,SANTIAGO TETLA,39,XALOZTOC,0,0,1,0,0,0,0,0,0,0,3,2,0,0,0,0,0,0,0,0,0,0,0,0,0,5,0,5,5
4,29,TLAXCALA,5,SAN NICOLAS PANOTLA,1,AMAXAC DE GUERRERO,0,0,1,0,0,0,1,0,0,0,3,0,0,0,0,0,0,0,0,0,0,0,0,0,0,4,0,4,4
4,29,TLAXCALA,5,SAN NICOLAS PANOTLA,2,APETATITLAN DE ANTONIO CARVAJAL,0,0,1,0,0,0,0,0,0,0,1,0,0,0,0,0,0,0,0,0,0,0,0,0,0,1,0,1,2
4,29,TLAXCALA,5,SAN NICOLAS PANOTLA,24,PANOTLA,0,0,1,0,0,0,0,0,0,0,2,0,0,1,0,0,0,0,0,0,0,0,0,0,0,3,1,4,5
4,29,TLAXCALA,5,SAN NICOLAS PANOTLA,36,TOTOLAC,0,0,1,0,0,0,0,1,0,1,1,0,1,1,0,0,0,0,0,0,0,0,0,0,0,5,0,5,6
4,29,TLAXCALA,6,IXTACUIXTLA DE MARIANO MATAMOROS,12,ESPAÑITA,0,0,1,3,0,0,0,0,0,0,0,0,0,0,0,0,0,0,0,0,0,0,0,0,0,3,0,3,3
4,29,TLAXCALA,6,IXTACUIXTLA DE MARIANO MATAMOROS,15,IXTACUIXTLA DE MARIANO MATAMOROS,0,0,1,0,0,0,0,0,0,0,2,0,0,0,0,0,0,0,0,0,0,0,0,0,0,2,0,2,3
4,29,TLAXCALA,7,TLAXCALA DE XICOHTENCATL,33,TLAXCALA,0,0,1,1,1,1,0,1,1,0,7,0,0,0,0,0,0,0,0,0,0,0,0,0,0,12,0,12,12
4,29,TLAXCALA,8,SAN BERNARDINO CONTLA,9,CUAXOMULCO,0,0,1,0,1,0,0,0,0,0,0,0,0,0,0,0,0,0,0,0,0,0,0,0,0,1,0,1,1
4,29,TLAXCALA,8,SAN BERNARDINO CONTLA,18,CONTLA DE JUAN CUAMATZI,0,0,1,0,0,2,0,2,0,0,1,0,0,0,0,0,0,0,0,0,0,0,0,0,0,5,0,5,6
4,29,TLAXCALA,8,SAN BERNARDINO CONTLA,26,SANTA CRUZ TLAXCALA,0,0,1,0,0,0,0,0,0,0,1,0,0,0,0,0,0,0,0,0,0,0,0,0,0,1,0,1,1
4,29,TLAXCALA,8,SAN BERNARDINO CONTLA,38,TZOMPANTEPEC,0,0,1,0,0,1,0,0,0,0,2,0,1,0,0,0,0,0,0,0,0,0,0,0,0,4,0,4,4
4,29,TLAXCALA,9,SANTA ANA CHIAUTEMPAN,10,CHIAUTEMPAN,0,0,1,0,0,1,0,1,0,0,3,0,0,1,0,0,0,0,0,0,0,0,0,0,0,6,0,6,6
4,29,TLAXCALA,10,HUAMANTLA,13,HUAMANTLA,0,0,1,0,0,0,0,0,0,0,0,0,0,0,0,0,0,0,0,0,0,0,0,0,0,0,0,0,7
4,29,TLAXCALA,10,HUAMANTLA,35,TOCATLAN,0,0,1,0,2,0,0,0,0,0,1,0,0,1,0,0,0,0,0,0,0,0,0,0,0,4,0,4,2
4,29,TLAXCALA,11,HUAMANTLA,5,ATLTZAYANCA,0,0,1,0,0,0,0,0,0,0,0,0,0,0,0,0,0,0,0,0,0,0,0,0,0,0,0,0,3
4,29,TLAXCALA,11,HUAMANTLA,7,EL CARMEN TEQUEXQUITLA,0,0,1,0,1,0,0,0,0,0,0,0,0,0,0,0,0,0,0,0,0,0,0,0,0,1,0,1,2
4,29,TLAXCALA,11,HUAMANTLA,8,CUAPIAXTLA,0,0,1,2,0,0,1,2,5,1,2,0,0,1,0,0,0,0,0,0,0,0,0,0,0,14,1,15,5
4,29,TLAXCALA,12,SAN LUIS TEOLOCHOLCO,28,TEOLOCHOLCO,0,0,1,0,0,0,0,0,0,0,0,1,0,0,0,0,0,0,0,0,0,0,0,0,0,1,0,1,1
4,29,TLAXCALA,12,SAN LUIS TEOLOCHOLCO,29,TEPEYANCO,0,0,1,0,0,0,0,0,0,0,0,1,0,0,0,0,0,0,0,0,0,0,0,0,0,1,0,1,1
4,29,TLAXCALA,12,SAN LUIS TEOLOCHOLCO,32,TETLATLAHUCA,0,0,1,0,0,0,0,0,0,0,1,0,0,0,0,0,0,0,0,0,0,0,0,0,0,1,0,1,1
4,29,TLAXCALA,12,SAN LUIS TEOLOCHOLCO,49,SANTA ISABEL XILOXOXTLA,0,0,1,0,0,1,0,0,0,1,0,0,0,0,0,0,0,0,0,0,0,0,0,0,0,2,0,2,2
4,29,TLAXCALA,13,ZACATELCO,59,SAN LORENZO AXOCOMANITLA,0,0,1,0,0,1,0,0,0,0,0,0,0,0,0,0,0,0,0,0,0,0,0,0,0,1,0,1,1
4,29,TLAXCALA,14,SAN FRANCISCO PAPALOTLA,27,TENANCINGO,0,0,1,0,0,0,0,0,0,0,1,0,0,0,0,0,0,0,0,0,0,0,0,0,0,1,0,1,1
4,29,TLAXCALA,14,SAN FRANCISCO PAPALOTLA,42,XICOHTZINCO,0,0,1,1,0,0,0,0,0,0,1,0,0,0,0,0,0,0,0,0,0,0,0,0,0,2,0,2,2
4,29,TLAXCALA,15,VICENTE GUERRERO,25,SAN PABLO DEL MONTE,0,0,1,1,0,0,0,0,0,0,0,0,0,0,0,0,0,0,0,0,0,0,0,0,0,1,0,1,1
4,29,TLAXCALA,5,SAN NICOLAS PANOTLA,1,AMAXAC DE GUERRERO,1,2,2,33,188,119,42,76,11,61,327,3,0,52,10,0,0,0,0,0,0,0,0,0,0,922,30,952,1283
4,29,TLAXCALA,5,SAN NICOLAS PANOTLA,1,AMAXAC DE GUERRERO,2,6,6,116,653,87,156,219,33,280,941,18,0,200,26,0,0,0,0,0,0,0,0,0,2,2729,108,2839,3816
4,29,TLAXCALA,5,SAN NICOLAS PANOTLA,1,AMAXAC DE GUERRERO,3,5,5,88,409,142,72,274,30,274,877,14,0,139,19,0,0,0,0,0,0,0,0,0,1,2338,61,2400,3228
4,29,TLAXCALA,5,SAN NICOLAS PANOTLA,1,AMAXAC DE GUERRERO,4,2,2,26,175,23,5,64,18,27,238,2,0,26,1,0,0,0,0,0,0,0,0,0,0,605,34,639,758
4,29,TLAXCALA,5,SAN NICOLAS PANOTLA,2,APETATITLAN DE ANTONIO CARVAJAL,5,4,4,701,32,15,39,138,183,659,250,0,10,55,11,0,0,0,0,0,0,0,0,0,0,2093,68,2161,2780
4,29,TLAXCALA,5,SAN NICOLAS PANOTLA,2,APETATITLAN DE ANTONIO CARVAJAL,6,3,3,234,14,0,5,47,58,226,40,0,3,6,21,0,0,0,0,0,0,0,0,0,3,654,24,681,902
4,29,TLAXCALA,5,SAN NICOLAS PANOTLA,2,APETATITLAN DE ANTONIO CARVAJAL,7,1,1,80,19,5,1,9,11,87,24,0,0,5,6,0,0,0,0,0,0,0,0,0,0,247,9,256,319
4,29,TLAXCALA,5,SAN NICOLAS PANOTLA,2,APETATITLAN DE ANTONIO CARVAJAL,8,4,4,642,62,21,26,98,166,525,149,0,3,27,24,0,0,0,0,0,0,0,0,0,1,1743,54,1798,2377
4,29,TLAXCALA,5,SAN NICOLAS PANOTLA,2,APETATITLAN DE ANTONIO CARVAJAL,9,4,4,520,27,8,29,145,121,703,311,0,5,19,13,0,0,0,0,0,0,0,0,0,0,1901,98,1999,2781
4,29,TLAXCALA,5,SAN NICOLAS PANOTLA,2,APETATITLAN DE ANTONIO CARVAJAL,10,5,5,541,24,3,35,160,142,1131,232,0,12,29,13,0,0,0,0,0,0,0,0,0,0,2322,72,2394,3021
4,29,TLAXCALA,5,SAN NICOLAS PANOTLA,2,APETATITLAN DE ANTONIO CARVAJAL,11,2,2,198,28,3,16,47,82,255,85,0,2,8,8,0,0,0,0,0,0,0,0,0,0,732,25,757,950
4,29,TLAXCALA,4,APIZACO,3,APIZACO,12,2,2,149,41,1,13,27,31,117,277,2,3,2,12,0,0,0,0,104,0,0,0,0,0,779,23,802,1177
4,29,TLAXCALA,4,APIZACO,3,APIZACO,13,4,4,346,97,12,51,59,29,238,567,6,8,12,19,0,0,0,0,192,0,0,0,0,1,1636,69,1706,2451
4,29,TLAXCALA,4,APIZACO,3,APIZACO,14,7,7,918,64,34,84,105,83,477,1211,12,14,21,32,0,0,0,0,350,0,0,0,0,0,3405,100,3505,5194
4,29,TLAXCALA,4,APIZACO,3,APIZACO,15,3,3,268,29,4,30,28,30,171,382,2,7,5,6,0,0,0,0,130,0,0,0,0,0,1092,31,1123,1675
4,29,TLAXCALA,4,APIZACO,3,APIZACO,16,3,3,321,17,8,20,69,26,147,399,4,9,11,12,0,0,0,0,143,0,0,0,0,0,1186,37,1223,1695
4,29,TLAXCALA,4,APIZACO,3,APIZACO,17,2,2,248,39,3,18,20,16,122,303,3,6,4,14,0,0,0,0,157,0,0,0,0,2,953,28,983,1327
4,29,TLAXCALA,4,APIZACO,3,APIZACO,18,2,2,220,36,2,6,24,8,75,191,3,3,1,16,0,0,0,0,153,0,0,0,0,0,738,31,769,1063
4,29,TLAXCALA,4,APIZACO,3,APIZACO,19,2,2,193,18,6,16,31,16,105,228,2,4,3,3,0,0,0,0,149,0,0,0,0,1,774,22,797,1125
4,29,TLAXCALA,4,APIZACO,3,APIZACO,20,2,2,132,11,1,6,11,12,99,180,2,4,3,12,0,0,0,0,127,0,0,0,0,0,600,28,628,972
4,29,TLAXCALA,4,APIZACO,3,APIZACO,21,1,1,66,14,1,3,11,5,37,103,2,0,0,0,0,0,0,0,82,0,0,0,0,0,324,13,337,449
4,29,TLAXCALA,4,APIZACO,3,APIZACO,22,2,2,216,36,5,21,29,13,107,315,2,4,5,17,0,0,0,0,134,0,0,0,0,0,904,31,935,1368
4,29,TLAXCALA,4,APIZACO,3,APIZACO,23,3,3,110,19,2,8,11,9,61,131,3,6,3,3,0,0,0,0,70,0,0,0,0,0,436,12,448,674
4,29,TLAXCALA,4,APIZACO,3,APIZACO,24,2,2,157,19,3,19,21,10,80,187,2,3,1,5,0,0,0,0,64,0,0,0,0,1,571,18,590,872
4,29,TLAXCALA,4,APIZACO,3,APIZACO,25,2,2,246,28,1,10,21,22,142,276,3,3,3,11,0,0,0,0,129,0,0,0,0,0,895,26,921,1313
4,29,TLAXCALA,4,APIZACO,3,APIZACO,26,2,2,273,32,1,21,27,18,141,300,3,6,3,21,0,0,0,0,77,0,0,0,0,0,923,33,956,1395
4,29,TLAXCALA,4,APIZACO,3,APIZACO,27,3,3,380,36,10,29,41,31,204,432,2,11,3,21,0,0,0,0,163,0,0,0,0,1,1363,40,1404,2153
4,29,TLAXCALA,4,APIZACO,3,APIZACO,28,2,2,198,36,4,27,32,11,139,294,5,5,2,8,0,0,0,0,139,0,0,0,0,0,900,30,930,1428
4,29,TLAXCALA,4,APIZACO,3,APIZACO,29,3,3,283,38,3,24,43,31,141,385,4,1,13,13,0,0,0,0,135,0,0,0,0,0,1114,48,1162,1743
4,29,TLAXCALA,4,APIZACO,3,APIZACO,31,5,5,432,39,8,38,59,35,266,691,8,8,9,20,0,0,0,0,129,0,0,0,0,1,1742,89,1832,3083
4,29,TLAXCALA,4,APIZACO,3,APIZACO,32,3,3,338,44,4,16,29,34,157,432,7,9,8,17,0,0,0,0,135,0,0,0,0,0,1230,42,1272,1919
4,29,TLAXCALA,4,APIZACO,3,APIZACO,33,3,3,310,45,7,15,51,34,226,492,5,4,6,21,0,0,0,0,186,0,0,0,0,0,1402,48,1450,2212
4,29,TLAXCALA,4,APIZACO,3,APIZACO,34,2,2,216,42,7,8,44,19,159,324,4,7,7,8,0,0,0,0,135,0,0,0,0,0,980,38,1018,1407
4,29,TLAXCALA,4,APIZACO,3,APIZACO,35,2,2,187,28,6,13,34,12,117,306,5,6,9,9,0,0,0,0,95,0,0,0,0,1,827,23,851,1197
4,29,TLAXCALA,4,APIZACO,3,APIZACO,36,3,3,331,34,13,12,52,27,226,408,9,3,5,13,0,0,0,0,181,0,0,0,0,0,1314,44,1358,2074
4,29,TLAXCALA,4,APIZACO,3,APIZACO,37,2,2,178,29,7,15,23,15,144,319,1,13,2,11,0,0,0,0,130,0,0,0,0,2,887,25,914,1317
4,29,TLAXCALA,2,TLAXCO DE MORELOS,3,APIZACO,38,2,2,246,14,19,22,10,11,88,291,14,3,2,6,0,0,0,0,19,0,0,0,0,0,745,39,784,1114
4,29,TLAXCALA,4,APIZACO,3,APIZACO,39,2,2,203,34,2,43,36,17,188,314,3,3,4,2,0,0,0,0,39,0,0,0,0,0,888,40,928,1275
4,29,TLAXCALA,4,APIZACO,3,APIZACO,40,4,4,430,42,20,33,70,47,358,690,11,5,14,8,0,0,0,0,91,0,0,0,0,0,1819,87,1906,2806
4,29,TLAXCALA,4,APIZACO,3,APIZACO,42,1,1,55,9,1,9,13,10,74,152,2,4,1,1,0,0,0,0,58,0,0,0,0,0,389,16,405,646
4,29,TLAXCALA,4,APIZACO,3,APIZACO,43,6,6,599,72,17,50,65,65,426,868,9,9,11,26,0,0,0,0,369,0,0,0,0,0,2586,116,2702,4152
4,29,TLAXCALA,4,APIZACO,3,APIZACO,44,4,4,283,30,9,66,44,60,209,624,6,11,11,15,0,0,0,0,302,0,0,0,0,0,1670,77,1747,2476
4,29,TLAXCALA,4,APIZACO,3,APIZACO,45,1,1,57,8,3,12,12,10,56,92,0,2,1,3,0,0,0,0,26,0,0,0,0,0,282,12,294,464
4,29,TLAXCALA,4,APIZACO,3,APIZACO,46,3,3,308,69,6,72,58,19,200,514,6,5,6,5,0,0,0,0,129,0,0,0,0,0,1397,32,1429,2069
4,29,TLAXCALA,4,APIZACO,3,APIZACO,47,4,4,304,32,8,46,59,45,264,733,8,4,6,14,0,0,0,0,167,0,0,0,0,0,1690,71,1761,2758
4,29,TLAXCALA,4,APIZACO,3,APIZACO,48,1,1,75,5,1,3,11,3,58,73,3,1,1,11,0,0,0,0,26,0,0,0,0,0,271,7,278,362
4,29,TLAXCALA,4,APIZACO,3,APIZACO,618,3,3,284,19,8,31,32,24,211,423,6,3,4,5,0,0,0,0,111,0,0,0,0,0,1161,46,1207,1628
4,29,TLAXCALA,4,APIZACO,3,APIZACO,619,3,3,248,29,9,19,38,28,244,453,3,2,6,4,0,0,0,0,126,0,0,0,0,0,1209,51,1260,1883
4,29,TLAXCALA,4,APIZACO,3,APIZACO,634,4,4,386,35,9,25,98,50,258,646,11,3,9,21,0,0,0,0,197,0,0,0,0,0,1748,54,1802,2643
4,29,TLAXCALA,4,APIZACO,3,APIZACO,635,4,4,318,45,6,22,63,36,236,556,7,14,4,23,0,0,0,0,143,0,0,0,0,0,1473,47,1520,2398
4,29,TLAXCALA,4,APIZACO,3,APIZACO,636,2,2,186,23,5,18,47,22,109,289,4,4,4,13,0,0,0,0,106,0,0,0,0,0,830,27,857,1416
4,29,TLAXCALA,3,SANTIAGO TETLA,4,ATLANGATEPEC,49,2,2,18,83,0,27,4,136,1,208,26,0,51,11,0,0,0,0,0,0,0,0,0,0,565,25,590,776
4,29,TLAXCALA,3,SANTIAGO TETLA,4,ATLANGATEPEC,50,1,1,16,115,0,3,5,110,0,36,4,0,4,13,0,0,0,0,0,0,0,0,0,0,306,7,313,388
4,29,TLAXCALA,3,SANTIAGO TETLA,4,ATLANGATEPEC,51,1,1,8,75,0,3,4,66,1,64,8,0,65,2,0,0,0,0,0,0,0,0,0,0,296,12,308,373
4,29,TLAXCALA,3,SANTIAGO TETLA,4,ATLANGATEPEC,52,1,1,4,7,0,0,0,43,0,33,5,0,12,0,0,0,0,0,0,0,0,0,0,0,104,3,107,120
4,29,TLAXCALA,3,SANTIAGO TETLA,4,ATLANGATEPEC,53,2,2,47,140,0,8,7,192,5,213,30,0,191,11,0,0,0,0,0,0,0,0,0,0,844,33,877,1203
4,29,TLAXCALA,3,SANTIAGO TETLA,4,ATLANGATEPEC,54,1,1,15,76,0,2,0,116,0,72,11,0,42,9,0,0,0,0,0,0,0,0,0,0,343,9,352,462
4,29,TLAXCALA,3,SANTIAGO TETLA,4,ATLANGATEPEC,55,1,1,17,56,0,12,1,57,3,72,23,0,23,3,0,0,0,0,0,0,0,0,0,0,267,12,279,385
4,29,TLAXCALA,3,SANTIAGO TETLA,4,ATLANGATEPEC,56,2,2,43,143,0,13,5,417,7,139,94,0,98,7,0,0,0,0,0,0,0,0,0,0,966,41,1007,1317
4,29,TLAXCALA,3,SANTIAGO TETLA,4,ATLANGATEPEC,57,1,1,46,71,0,4,0,74,1,37,10,0,23,7,0,0,0,0,0,0,0,0,0,0,273,15,288,393
4,29,TLAXCALA,11,HUAMANTLA,5,ATLTZAYANCA,59,2,2,272,115,0,54,92,21,16,191,17,4,32,0,0,0,0,0,0,0,0,0,0,0,814,21,835,1061
4,29,TLAXCALA,11,HUAMANTLA,5,ATLTZAYANCA,60,2,2,250,35,0,26,77,46,10,149,11,2,8,0,0,0,0,0,0,0,0,0,0,0,614,18,632,830
4,29,TLAXCALA,11,HUAMANTLA,5,ATLTZAYANCA,61,2,2,45,90,0,29,20,57,22,96,15,5,16,0,0,0,0,0,0,0,0,0,0,0,395,33,428,554
4,29,TLAXCALA,11,HUAMANTLA,5,ATLTZAYANCA,62,1,1,51,64,0,40,12,19,18,67,6,0,20,0,0,0,0,0,0,0,0,0,0,0,297,14,311,366
4,29,TLAXCALA,11,HUAMANTLA,5,ATLTZAYANCA,63,1,1,35,64,0,31,21,35,14,88,1,3,17,0,0,0,0,0,0,0,0,0,0,0,309,16,325,385
4,29,TLAXCALA,11,HUAMANTLA,5,ATLTZAYANCA,64,1,1,37,32,0,5,14,40,2,48,2,1,9,0,0,0,0,0,0,0,0,0,0,0,190,8,198,233
4,29,TLAXCALA,11,HUAMANTLA,5,ATLTZAYANCA,65,1,1,67,20,0,50,11,10,11,40,0,0,9,0,0,0,0,0,0,0,0,0,0,0,218,3,221,247
4,29,TLAXCALA,11,HUAMANTLA,5,ATLTZAYANCA,66,1,1,120,56,0,36,45,38,11,61,5,0,5,0,0,0,0,0,0,0,0,0,0,0,377,29,406,543
4,29,TLAXCALA,11,HUAMANTLA,5,ATLTZAYANCA,67,1,1,38,32,0,1,10,14,15,107,1,0,3,0,0,0,0,0,0,0,0,0,0,0,221,5,226,261
4,29,TLAXCALA,11,HUAMANTLA,5,ATLTZAYANCA,68,4,4,663,262,0,180,75,114,31,294,5,1,28,0,0,0,0,0,0,0,0,0,0,0,1653,63,1716,2254
4,29,TLAXCALA,11,HUAMANTLA,5,ATLTZAYANCA,69,2,2,90,72,0,101,115,129,5,180,11,1,10,0,0,0,0,0,0,0,0,0,0,0,714,16,730,937
4,29,TLAXCALA,11,HUAMANTLA,5,ATLTZAYANCA,70,1,1,87,72,0,81,20,69,12,78,13,2,11,0,0,0,0,0,0,0,0,0,0,0,445,11,456,567
4,29,TLAXCALA,11,HUAMANTLA,5,ATLTZAYANCA,71,2,2,156,89,0,60,50,189,33,153,10,4,33,0,0,0,0,0,0,0,0,0,0,0,777,40,817,1070
4,29,TLAXCALA,11,HUAMANTLA,5,ATLTZAYANCA,72,2,2,98,75,0,71,28,236,9,63,8,2,18,0,0,0,0,0,0,0,0,0,0,0,608,36,644,791
4,29,TLAXCALA,11,HUAMANTLA,5,ATLTZAYANCA,73,1,1,74,37,0,28,10,12,8,40,0,0,23,0,0,0,0,0,0,0,0,0,0,0,232,8,240,314
4,29,TLAXCALA,11,HUAMANTLA,5,ATLTZAYANCA,74,2,2,128,152,0,112,26,246,15,178,7,3,12,0,0,0,0,0,0,0,0,0,0,0,879,37,916,1180
4,29,TLAXCALA,11,HUAMANTLA,5,ATLTZAYANCA,75,1,1,72,39,0,137,8,66,17,68,2,1,5,0,0,0,0,0,0,0,0,0,0,0,415,18,433,520
4,29,TLAXCALA,11,HUAMANTLA,5,ATLTZAYANCA,76,1,1,16,43,0,55,10,25,5,14,1,0,3,0,0,0,0,0,0,0,0,0,0,0,172,8,180,211
4,29,TLAXCALA,11,HUAMANTLA,5,ATLTZAYANCA,77,3,3,384,126,0,52,154,40,71,285,16,0,83,0,0,0,0,0,0,0,0,0,0,0,1211,35,1246,1557
4,29,TLAXCALA,1,SAN ANTONIO CALPULALPAN,6,CALPULALPAN,78,7,7,31,121,50,453,74,44,300,789,17,27,32,3,0,0,0,0,0,659,0,0,0,0,2600,131,2731,4854
4,29,TLAXCALA,1,SAN ANTONIO CALPULALPAN,6,CALPULALPAN,79,5,5,14,62,29,267,47,15,189,411,3,12,3,8,0,0,0,0,0,322,0,0,0,0,1382,53,1435,2362
4,29,TLAXCALA,1,SAN ANTONIO CALPULALPAN,6,CALPULALPAN,80,3,3,14,33,18,164,40,14,153,272,6,20,3,4,0,0,0,0,0,265,0,0,0,1,1006,37,1044,1502
4,29,TLAXCALA,1,SAN ANTONIO CALPULALPAN,6,CALPULALPAN,81,3,3,9,24,5,196,34,12,251,333,3,14,2,6,0,0,0,0,0,192,0,0,0,0,1081,50,1131,1877
4,29,TLAXCALA,1,SAN ANTONIO CALPULALPAN,6,CALPULALPAN,82,4,4,20,46,29,297,27,20,220,355,5,16,3,3,0,0,0,0,0,367,0,0,0,0,1408,66,1474,2444
4,29,TLAXCALA,1,SAN ANTONIO CALPULALPAN,6,CALPULALPAN,83,4,4,34,58,13,295,26,10,327,335,4,18,4,4,0,0,0,0,0,358,0,0,0,0,1486,73,1559,2634
4,29,TLAXCALA,1,SAN ANTONIO CALPULALPAN,6,CALPULALPAN,84,2,2,14,27,6,77,4,3,70,150,3,11,3,3,0,0,0,0,0,132,0,0,0,1,503,28,532,783
4,29,TLAXCALA,1,SAN ANTONIO CALPULALPAN,6,CALPULALPAN,85,4,4,8,71,38,338,23,13,188,400,5,15,3,6,0,0,0,0,0,323,0,0,0,1,1431,54,1486,2291
4,29,TLAXCALA,1,SAN ANTONIO CALPULALPAN,6,CALPULALPAN,86,3,3,11,58,24,340,22,9,123,453,5,14,3,2,0,0,0,0,0,356,0,0,0,0,1420,43,1463,2154
4,29,TLAXCALA,1,SAN ANTONIO CALPULALPAN,6,CALPULALPAN,87,2,2,5,12,19,137,10,4,70,138,2,7,4,0,0,0,0,0,0,159,0,0,0,0,567,27,594,998
4,29,TLAXCALA,1,SAN ANTONIO CALPULALPAN,6,CALPULALPAN,88,2,2,18,38,19,202,9,10,162,211,2,12,3,5,0,0,0,0,0,192,0,0,0,1,883,40,924,1408
4,29,TLAXCALA,1,SAN ANTONIO CALPULALPAN,6,CALPULALPAN,89,4,4,18,27,13,377,24,13,267,368,2,20,5,1,0,0,0,0,0,282,0,0,0,0,1417,62,1479,2297
4,29,TLAXCALA,1,SAN ANTONIO CALPULALPAN,6,CALPULALPAN,90,5,5,26,48,52,524,22,23,304,559,5,30,16,1,0,0,0,0,0,434,0,0,0,0,2044,76,2120,3445
4,29,TLAXCALA,1,SAN ANTONIO CALPULALPAN,6,CALPULALPAN,91,2,2,2,10,10,141,9,4,41,167,1,16,1,0,0,0,0,0,0,142,0,0,0,0,544,27,571,824
4,29,TLAXCALA,1,SAN ANTONIO CALPULALPAN,6,CALPULALPAN,92,3,3,23,25,14,333,19,25,162,422,3,12,4,4,0,0,0,0,0,330,0,0,0,0,1376,76,1452,2182
4,29,TLAXCALA,1,SAN ANTONIO CALPULALPAN,6,CALPULALPAN,93,2,2,18,32,16,130,19,27,138,279,0,13,6,1,0,0,0,0,0,192,0,0,0,0,871,61,932,1446
4,29,TLAXCALA,1,SAN ANTONIO CALPULALPAN,6,CALPULALPAN,94,2,2,10,13,14,124,7,11,32,215,1,5,2,0,0,0,0,0,0,182,0,0,0,0,616,17,633,933
4,29,TLAXCALA,1,SAN ANTONIO CALPULALPAN,6,CALPULALPAN,95,1,1,4,16,4,47,11,6,20,84,0,2,1,2,0,0,0,0,0,41,0,0,0,0,238,18,256,474
4,29,TLAXCALA,1,SAN ANTONIO CALPULALPAN,6,CALPULALPAN,96,2,2,32,15,14,88,8,5,56,149,3,1,4,1,0,0,0,0,0,95,0,0,0,0,471,19,490,678
4,29,TLAXCALA,1,SAN ANTONIO CALPULALPAN,6,CALPULALPAN,97,2,2,2,10,20,173,8,1,100,123,2,1,1,1,0,0,0,0,0,139,0,0,0,0,581,44,625,1057
4,29,TLAXCALA,1,SAN ANTONIO CALPULALPAN,6,CALPULALPAN,98,4,4,24,28,20,177,19,17,190,229,1,7,4,2,0,0,0,0,0,273,0,0,0,0,991,62,1053,1796
4,29,TLAXCALA,11,HUAMANTLA,7,EL CARMEN TEQUEXQUITLA,100,5,5,18,73,0,93,29,0,844,603,32,52,0,0,0,0,0,0,0,0,0,0,0,0,1744,135,1879,3179
4,29,TLAXCALA,11,HUAMANTLA,7,EL CARMEN TEQUEXQUITLA,101,3,3,8,78,0,81,26,0,570,508,21,35,0,0,0,0,0,0,0,0,0,0,0,0,1327,93,1420,2174
4,29,TLAXCALA,11,HUAMANTLA,7,EL CARMEN TEQUEXQUITLA,102,4,4,8,49,0,67,75,0,673,479,11,64,0,0,0,0,0,0,0,0,0,0,0,0,1426,90,1516,2345
4,29,TLAXCALA,11,HUAMANTLA,7,EL CARMEN TEQUEXQUITLA,103,2,2,10,24,0,28,56,0,330,349,14,59,0,0,0,0,0,0,0,0,0,0,0,0,870,52,922,1479
4,29,TLAXCALA,11,HUAMANTLA,7,EL CARMEN TEQUEXQUITLA,104,4,4,10,64,0,84,43,0,915,541,24,45,0,0,0,0,0,0,0,0,0,0,0,0,1726,107,1833,2845
4,29,TLAXCALA,11,HUAMANTLA,7,EL CARMEN TEQUEXQUITLA,105,1,1,9,10,0,24,18,0,120,149,4,9,0,0,0,0,0,0,0,0,0,0,0,6,343,24,373,491
4,29,TLAXCALA,11,HUAMANTLA,7,EL CARMEN TEQUEXQUITLA,106,1,1,2,5,0,2,10,0,42,108,2,9,0,0,0,0,0,0,0,0,0,0,0,0,180,11,191,240
4,29,TLAXCALA,11,HUAMANTLA,8,CUAPIAXTLA,107,5,5,423,37,257,251,13,873,47,136,4,0,190,27,0,0,0,0,0,0,0,0,0,9,2258,91,2358,3098
4,29,TLAXCALA,11,HUAMANTLA,8,CUAPIAXTLA,108,3,3,266,22,153,140,15,449,46,90,3,0,107,13,0,0,0,0,0,0,0,0,0,4,1304,65,1373,1931
4,29,TLAXCALA,11,HUAMANTLA,8,CUAPIAXTLA,109,4,4,437,19,222,222,6,557,40,123,3,0,141,18,0,0,0,0,0,0,0,0,0,8,1788,93,1889,2579
4,29,TLAXCALA,11,HUAMANTLA,8,CUAPIAXTLA,110,3,3,282,14,65,201,15,404,19,114,6,0,56,10,0,0,0,0,0,0,0,0,0,0,1186,51,1237,1605
4,29,TLAXCALA,11,HUAMANTLA,8,CUAPIAXTLA,111,1,1,48,41,13,29,1,89,6,19,0,0,5,3,0,0,0,0,0,0,0,0,0,0,254,3,257,291
4,29,TLAXCALA,11,HUAMANTLA,8,CUAPIAXTLA,112,1,1,21,1,20,12,0,71,1,6,0,0,5,0,0,0,0,0,0,0,0,0,0,0,137,7,144,167
4,29,TLAXCALA,11,HUAMANTLA,8,CUAPIAXTLA,113,1,1,33,4,43,26,2,114,22,14,2,0,5,0,0,0,0,0,0,0,0,0,0,11,265,10,286,320
4,29,TLAXCALA,11,HUAMANTLA,8,CUAPIAXTLA,114,2,2,137,25,51,124,21,245,23,52,2,0,58,5,0,0,0,0,0,0,0,0,0,0,743,37,780,931
4,29,TLAXCALA,11,HUAMANTLA,8,CUAPIAXTLA,115,1,1,76,2,37,46,14,202,5,33,1,0,39,1,0,0,0,0,0,0,0,0,0,0,456,14,470,541
4,29,TLAXCALA,11,HUAMANTLA,8,CUAPIAXTLA,116,1,1,75,78,21,119,1,77,2,21,3,0,12,7,0,0,0,0,0,0,0,0,0,0,416,24,440,504
4,29,TLAXCALA,8,SAN BERNARDINO CONTLA,9,CUAXOMULCO,117,2,2,131,159,1,6,37,165,27,159,157,9,190,0,0,0,0,0,0,0,0,0,0,0,1041,40,1081,1456
4,29,TLAXCALA,8,SAN BERNARDINO CONTLA,9,CUAXOMULCO,118,2,2,94,151,0,0,22,78,13,103,132,9,242,0,0,0,0,0,0,0,0,0,0,0,844,27,871,1136
4,29,TLAXCALA,8,SAN BERNARDINO CONTLA,9,CUAXOMULCO,119,1,1,11,218,1,3,6,45,11,49,50,11,108,0,0,0,0,0,0,0,0,0,0,0,513,12,525,628
4,29,TLAXCALA,8,SAN BERNARDINO CONTLA,9,CUAXOMULCO,120,1,1,12,49,0,3,4,50,13,16,3,34,61,0,0,0,0,0,0,0,0,0,0,0,245,7,252,294
4,29,TLAXCALA,8,SAN BERNARDINO CONTLA,9,CUAXOMULCO,121,2,2,42,256,0,8,157,46,13,47,58,40,377,0,0,0,0,0,0,0,0,0,0,0,1044,42,1086,1451
4,29,TLAXCALA,9,SANTA ANA CHIAUTEMPAN,10,CHIAUTEMPAN,122,3,3,103,162,228,59,139,63,26,297,114,0,71,11,0,0,0,0,0,0,0,0,0,0,1273,58,1331,1810
4,29,TLAXCALA,9,SANTA ANA CHIAUTEMPAN,10,CHIAUTEMPAN,123,3,3,99,181,176,34,351,59,19,328,64,0,26,18,0,0,0,0,0,0,0,0,0,1,1355,50,1406,1858
4,29,TLAXCALA,9,SANTA ANA CHIAUTEMPAN,10,CHIAUTEMPAN,124,3,3,96,156,218,217,143,97,32,270,134,0,23,11,0,0,0,0,0,0,0,0,0,1,1397,70,1468,2195
4,29,TLAXCALA,9,SANTA ANA CHIAUTEMPAN,10,CHIAUTEMPAN,125,3,3,113,171,178,162,108,54,26,311,72,0,28,11,0,0,0,0,0,0,0,0,0,1,1234,49,1284,1833
4,29,TLAXCALA,9,SANTA ANA CHIAUTEMPAN,10,CHIAUTEMPAN,126,4,4,79,275,357,78,154,82,80,486,77,0,36,18,0,0,0,0,0,0,0,0,0,0,1722,60,1782,2507
4,29,TLAXCALA,9,SANTA ANA CHIAUTEMPAN,10,CHIAUTEMPAN,127,4,4,119,300,447,74,149,96,35,419,202,0,75,21,0,0,0,0,0,0,0,0,0,0,1937,69,2006,2916
4,29,TLAXCALA,9,SANTA ANA CHIAUTEMPAN,10,CHIAUTEMPAN,128,2,2,29,98,106,20,51,42,15,153,49,0,18,14,0,0,0,0,0,0,0,0,0,1,595,51,647,933
4,29,TLAXCALA,9,SANTA ANA CHIAUTEMPAN,10,CHIAUTEMPAN,129,2,2,48,101,150,25,85,52,13,182,73,0,33,13,0,0,0,0,0,0,0,0,0,0,775,33,808,1130
4,29,TLAXCALA,9,SANTA ANA CHIAUTEMPAN,10,CHIAUTEMPAN,130,2,2,61,78,119,9,48,57,5,110,63,0,11,9,0,0,0,0,0,0,0,0,0,1,570,20,591,759
4,29,TLAXCALA,9,SANTA ANA CHIAUTEMPAN,10,CHIAUTEMPAN,131,2,2,90,133,138,38,150,66,8,223,67,0,21,10,0,0,0,0,0,0,0,0,0,2,944,26,972,1224
4,29,TLAXCALA,9,SANTA ANA CHIAUTEMPAN,10,CHIAUTEMPAN,132,2,2,93,114,166,30,144,45,18,220,57,0,26,14,0,0,0,0,0,0,0,0,0,0,927,30,957,1310
4,29,TLAXCALA,9,SANTA ANA CHIAUTEMPAN,10,CHIAUTEMPAN,133,2,2,77,134,170,24,57,64,7,215,25,0,21,10,0,0,0,0,0,0,0,0,0,1,804,28,833,1088
4,29,TLAXCALA,9,SANTA ANA CHIAUTEMPAN,10,CHIAUTEMPAN,134,2,2,37,42,83,17,60,48,13,194,30,0,11,1,0,0,0,0,0,0,0,0,0,0,536,22,558,784
4,29,TLAXCALA,9,SANTA ANA CHIAUTEMPAN,10,CHIAUTEMPAN,135,2,2,61,97,89,24,75,48,16,199,21,0,5,9,0,0,0,0,0,0,0,0,0,0,644,29,673,970
4,29,TLAXCALA,9,SANTA ANA CHIAUTEMPAN,10,CHIAUTEMPAN,136,1,1,42,67,35,13,16,30,7,116,12,0,15,7,0,0,0,0,0,0,0,0,0,0,360,19,379,511
4,29,TLAXCALA,9,SANTA ANA CHIAUTEMPAN,10,CHIAUTEMPAN,137,4,4,74,259,276,58,240,93,52,479,136,0,67,22,0,0,0,0,0,0,0,0,0,2,1756,62,1820,2484
4,29,TLAXCALA,9,SANTA ANA CHIAUTEMPAN,10,CHIAUTEMPAN,138,2,2,83,106,172,19,115,45,20,253,85,0,28,4,0,0,0,0,0,0,0,0,0,0,930,30,960,1280
4,29,TLAXCALA,9,SANTA ANA CHIAUTEMPAN,10,CHIAUTEMPAN,139,5,5,95,254,361,48,132,106,27,497,253,0,48,22,0,0,0,0,0,0,0,0,0,1,1843,64,1908,2538
4,29,TLAXCALA,9,SANTA ANA CHIAUTEMPAN,10,CHIAUTEMPAN,140,3,3,44,183,279,54,102,81,18,260,182,0,44,22,0,0,0,0,0,0,0,0,0,1,1269,62,1332,1978
4,29,TLAXCALA,9,SANTA ANA CHIAUTEMPAN,10,CHIAUTEMPAN,141,7,7,210,483,696,97,358,145,133,659,345,0,70,35,0,0,0,0,0,0,0,0,0,1,3231,141,3373,4997
4,29,TLAXCALA,9,SANTA ANA CHIAUTEMPAN,10,CHIAUTEMPAN,142,4,4,123,180,281,44,243,77,23,302,156,0,62,10,0,0,0,0,0,0,0,0,0,0,1501,89,1590,2384
4,29,TLAXCALA,9,SANTA ANA CHIAUTEMPAN,10,CHIAUTEMPAN,143,4,4,90,170,220,36,114,75,31,378,169,0,27,13,0,0,0,0,0,0,0,0,0,2,1323,56,1381,1894
4,29,TLAXCALA,9,SANTA ANA CHIAUTEMPAN,10,CHIAUTEMPAN,144,5,5,153,333,373,89,317,218,67,662,253,0,85,27,0,0,0,0,0,0,0,0,0,1,2577,58,2636,3720
4,29,TLAXCALA,9,SANTA ANA CHIAUTEMPAN,10,CHIAUTEMPAN,145,3,3,59,189,145,51,119,104,28,422,253,0,21,17,0,0,0,0,0,0,0,0,0,1,1408,73,1482,2143
4,29,TLAXCALA,9,SANTA ANA CHIAUTEMPAN,10,CHIAUTEMPAN,146,3,3,53,143,240,68,86,66,17,364,95,0,23,9,0,0,0,0,0,0,0,0,0,0,1164,44,1208,1804
4,29,TLAXCALA,9,SANTA ANA CHIAUTEMPAN,10,CHIAUTEMPAN,147,3,3,112,311,197,78,122,36,27,222,53,0,15,42,0,0,0,0,0,0,0,0,0,0,1215,47,1262,1713
4,29,TLAXCALA,9,SANTA ANA CHIAUTEMPAN,10,CHIAUTEMPAN,148,3,3,164,310,197,60,77,27,39,220,48,0,12,36,0,0,0,0,0,0,0,0,0,0,1190,58,1248,1734
4,29,TLAXCALA,9,SANTA ANA CHIAUTEMPAN,10,CHIAUTEMPAN,149,5,5,125,209,290,167,312,133,47,398,254,0,18,16,0,0,0,0,0,0,0,0,0,0,1969,115,2084,3194
4,29,TLAXCALA,9,SANTA ANA CHIAUTEMPAN,10,CHIAUTEMPAN,156,3,3,58,130,167,41,117,161,14,307,131,0,24,4,0,0,0,0,0,0,0,0,0,0,1154,69,1223,1802
4,29,TLAXCALA,9,SANTA ANA CHIAUTEMPAN,10,CHIAUTEMPAN,157,2,2,29,85,90,27,67,75,10,266,114,0,17,9,0,0,0,0,0,0,0,0,0,1,789,35,825,1222
4,29,TLAXCALA,2,TLAXCO DE MORELOS,11,MUÑOZ DE DOMINGO ARENAS,161,3,3,7,10,0,8,6,7,75,725,0,269,321,0,0,0,0,0,0,0,0,0,0,0,1428,68,1496,2088
4,29,TLAXCALA,2,TLAXCO DE MORELOS,11,MUÑOZ DE DOMINGO ARENAS,162,2,2,9,6,0,3,18,3,6,196,0,431,31,0,0,0,0,0,0,0,0,0,0,0,703,29,732,1086
4,29,TLAXCALA,2,TLAXCO DE MORELOS,11,MUÑOZ DE DOMINGO ARENAS,163,1,1,1,8,0,1,4,3,2,225,0,79,28,0,0,0,0,0,0,0,0,0,0,0,351,9,360,524
4,29,TLAXCALA,2,TLAXCO DE MORELOS,11,MUÑOZ DE DOMINGO ARENAS,164,1,1,2,4,0,1,0,2,8,159,0,47,14,0,0,0,0,0,0,0,0,0,0,0,237,11,248,312
4,29,TLAXCALA,6,IXTACUIXTLA DE MARIANO MATAMOROS,12,ESPAÑITA,165,4,4,287,343,3,1,909,9,9,75,2,0,24,0,0,0,0,0,0,0,0,0,0,1,1662,79,1742,2458
4,29,TLAXCALA,6,IXTACUIXTLA DE MARIANO MATAMOROS,12,ESPAÑITA,167,1,1,38,94,1,3,79,2,0,33,1,0,5,0,0,0,0,0,0,0,0,0,0,0,256,20,276,388
4,29,TLAXCALA,6,IXTACUIXTLA DE MARIANO MATAMOROS,12,ESPAÑITA,168,2,2,102,164,0,1,209,3,6,30,3,0,20,0,0,0,0,0,0,0,0,0,0,0,538,22,560,811
4,29,TLAXCALA,6,IXTACUIXTLA DE MARIANO MATAMOROS,12,ESPAÑITA,169,1,1,14,116,0,3,44,1,0,9,1,0,2,0,0,0,0,0,0,0,0,0,0,0,190,10,200,285
4,29,TLAXCALA,6,IXTACUIXTLA DE MARIANO MATAMOROS,12,ESPAÑITA,170,2,2,53,94,1,5,153,5,3,40,0,0,138,0,0,0,0,0,0,0,0,0,0,0,492,40,532,814
4,29,TLAXCALA,6,IXTACUIXTLA DE MARIANO MATAMOROS,12,ESPAÑITA,171,1,1,7,92,0,1,121,1,2,13,0,0,19,0,0,0,0,0,0,0,0,0,0,0,256,10,266,367
4,29,TLAXCALA,6,IXTACUIXTLA DE MARIANO MATAMOROS,12,ESPAÑITA,172,1,1,27,89,0,1,89,2,1,8,0,0,4,0,0,0,0,0,0,0,0,0,0,0,221,10,231,370
4,29,TLAXCALA,6,IXTACUIXTLA DE MARIANO MATAMOROS,12,ESPAÑITA,173,1,1,39,87,2,2,103,1,1,12,1,0,0,0,0,0,0,0,0,0,0,0,0,0,248,20,268,367
4,29,TLAXCALA,6,IXTACUIXTLA DE MARIANO MATAMOROS,12,ESPAÑITA,174,1,1,31,73,1,2,47,0,0,6,0,0,3,0,0,0,0,0,0,0,0,0,0,0,163,10,173,238
4,29,TLAXCALA,6,IXTACUIXTLA DE MARIANO MATAMOROS,12,ESPAÑITA,175,1,1,85,243,0,0,79,3,0,45,1,0,2,0,0,0,0,0,0,0,0,0,0,0,458,21,479,679
4,29,TLAXCALA,6,IXTACUIXTLA DE MARIANO MATAMOROS,12,ESPAÑITA,176,1,1,41,124,1,2,95,4,2,24,1,0,4,0,0,0,0,0,0,0,0,0,0,0,298,20,318,429
4,29,TLAXCALA,6,IXTACUIXTLA DE MARIANO MATAMOROS,12,ESPAÑITA,177,1,1,53,139,0,1,73,0,7,9,0,0,1,0,0,0,0,0,0,0,0,0,0,0,283,11,294,393
4,29,TLAXCALA,10,HUAMANTLA,13,HUAMANTLA,178,6,6,187,174,20,78,620,504,21,542,390,0,147,19,0,0,0,0,0,0,0,0,0,1,2702,89,2792,4371
4,29,TLAXCALA,10,HUAMANTLA,13,HUAMANTLA,179,7,7,143,194,10,121,575,569,30,517,387,0,156,16,0,0,0,0,0,0,0,0,0,0,2718,104,2822,4549
4,29,TLAXCALA,11,HUAMANTLA,13,HUAMANTLA,180,6,6,175,327,16,131,692,450,39,524,334,0,120,16,0,0,0,0,0,0,0,0,0,2,2824,65,2891,4232
4,29,TLAXCALA,11,HUAMANTLA,13,HUAMANTLA,181,3,3,110,151,11,61,314,121,10,312,255,0,78,20,0,0,0,0,0,0,0,0,0,3,1443,59,1505,2217
4,29,TLAXCALA,10,HUAMANTLA,13,HUAMANTLA,182,3,3,59,80,4,52,250,77,8,211,153,0,100,16,0,0,0,0,0,0,0,0,0,1,1010,34,1045,1563
4,29,TLAXCALA,10,HUAMANTLA,13,HUAMANTLA,183,4,4,89,190,9,52,366,153,13,312,303,0,70,14,0,0,0,0,0,0,0,0,0,0,1571,48,1619,2347
4,29,TLAXCALA,10,HUAMANTLA,13,HUAMANTLA,184,3,3,57,98,4,38,360,62,10,194,194,0,62,3,0,0,0,0,0,0,0,0,0,0,1082,41,1123,1652
4,29,TLAXCALA,10,HUAMANTLA,13,HUAMANTLA,185,2,2,59,74,5,64,253,66,13,213,162,0,72,7,0,0,0,0,0,0,0,0,0,1,988,18,1007,1462
4,29,TLAXCALA,10,HUAMANTLA,13,HUAMANTLA,186,2,2,78,127,10,62,187,30,12,184,179,0,67,11,0,0,0,0,0,0,0,0,0,1,947,24,972,1273
4,29,TLAXCALA,11,HUAMANTLA,13,HUAMANTLA,187,3,3,98,147,9,80,294,94,10,266,239,0,69,21,0,0,0,0,0,0,0,0,0,1,1327,37,1365,1995
4,29,TLAXCALA,11,HUAMANTLA,13,HUAMANTLA,188,7,7,200,351,29,96,701,260,21,542,437,0,228,37,0,0,0,0,0,0,0,0,0,2,2902,120,3024,4781
4,29,TLAXCALA,10,HUAMANTLA,13,HUAMANTLA,189,3,3,83,124,6,58,253,45,11,224,160,0,72,27,0,0,0,0,0,0,0,0,0,1,1063,42,1106,1587
4,29,TLAXCALA,10,HUAMANTLA,13,HUAMANTLA,190,2,2,40,73,5,27,144,40,12,176,91,0,53,6,0,0,0,0,0,0,0,0,0,0,667,23,690,1054
4,29,TLAXCALA,10,HUAMANTLA,13,HUAMANTLA,191,2,2,64,61,6,43,260,43,8,143,166,0,42,10,0,0,0,0,0,0,0,0,0,0,846,39,885,1280
4,29,TLAXCALA,10,HUAMANTLA,13,HUAMANTLA,192,3,3,86,96,10,38,425,121,6,305,328,0,71,5,0,0,0,0,0,0,0,0,0,1,1491,56,1548,2214
4,29,TLAXCALA,10,HUAMANTLA,13,HUAMANTLA,193,2,2,33,76,3,33,221,54,2,128,81,0,47,2,0,0,0,0,0,0,0,0,0,0,680,27,707,964
4,29,TLAXCALA,10,HUAMANTLA,13,HUAMANTLA,194,5,5,138,169,15,72,590,125,19,412,289,0,134,10,0,0,0,0,0,0,0,0,0,0,1973,76,2049,3038
4,29,TLAXCALA,10,HUAMANTLA,13,HUAMANTLA,195,4,4,57,146,13,67,270,170,9,401,202,0,125,11,0,0,0,0,0,0,0,0,0,1,1471,77,1549,2370
4,29,TLAXCALA,10,HUAMANTLA,13,HUAMANTLA,196,2,2,25,41,4,33,83,263,4,190,136,0,47,2,0,0,0,0,0,0,0,0,0,0,828,62,890,1272
4,29,TLAXCALA,11,HUAMANTLA,13,HUAMANTLA,197,1,1,2,25,2,11,46,48,1,31,40,0,4,1,0,0,0,0,0,0,0,0,0,0,211,11,222,278
4,29,TLAXCALA,11,HUAMANTLA,13,HUAMANTLA,198,1,1,31,37,1,9,104,100,6,61,39,0,39,1,0,0,0,0,0,0,0,0,0,0,428,21,449,655
4,29,TLAXCALA,10,HUAMANTLA,13,HUAMANTLA,199,2,2,31,50,2,20,159,169,1,154,24,0,20,1,0,0,0,0,0,0,0,0,0,0,631,27,658,810
4,29,TLAXCALA,10,HUAMANTLA,13,HUAMANTLA,200,3,3,136,107,9,54,173,179,6,389,99,0,32,7,0,0,0,0,0,0,0,0,0,0,1191,36,1227,1574
4,29,TLAXCALA,11,HUAMANTLA,13,HUAMANTLA,201,6,6,108,226,9,98,706,438,16,604,200,0,176,10,0,0,0,0,0,0,0,0,0,0,2591,165,2756,4077
4,29,TLAXCALA,11,HUAMANTLA,13,HUAMANTLA,202,1,1,26,36,3,26,126,95,1,78,55,0,13,3,0,0,0,0,0,0,0,0,0,0,462,10,472,624
4,29,TLAXCALA,11,HUAMANTLA,13,HUAMANTLA,203,3,3,68,194,5,91,256,95,5,453,158,0,76,7,0,0,0,0,0,0,0,0,0,1,1408,79,1488,2213
4,29,TLAXCALA,11,HUAMANTLA,13,HUAMANTLA,204,4,4,78,176,4,135,281,186,2,559,155,0,101,10,0,0,0,0,0,0,0,0,0,0,1687,88,1775,2824
4,29,TLAXCALA,10,HUAMANTLA,13,HUAMANTLA,205,1,1,14,12,1,2,75,48,0,70,21,0,4,1,0,0,0,0,0,0,0,0,0,0,248,5,253,308
4,29,TLAXCALA,10,HUAMANTLA,13,HUAMANTLA,206,2,2,40,174,1,8,306,116,0,218,53,0,56,5,0,0,0,0,0,0,0,0,0,0,977,27,1004,1286
4,29,TLAXCALA,10,HUAMANTLA,13,HUAMANTLA,207,2,2,33,108,1,12,218,52,2,103,44,0,22,2,0,0,0,0,0,0,0,0,0,0,597,20,617,829
4,29,TLAXCALA,10,HUAMANTLA,13,HUAMANTLA,208,2,2,50,83,6,29,225,71,3,118,68,0,37,2,0,0,0,0,0,0,0,0,0,0,692,28,720,934
4,29,TLAXCALA,10,HUAMANTLA,13,HUAMANTLA,209,2,2,29,34,5,34,296,48,6,176,47,0,17,2,0,0,0,0,0,0,0,0,0,0,694,23,717,880
4,29,TLAXCALA,10,HUAMANTLA,13,HUAMANTLA,210,1,1,4,30,0,0,71,19,3,27,14,0,11,1,0,0,0,0,0,0,0,0,0,0,180,8,188,285
4,29,TLAXCALA,10,HUAMANTLA,13,HUAMANTLA,211,2,2,37,64,3,13,282,118,5,147,41,0,46,4,0,0,0,0,0,0,0,0,0,0,760,37,797,1072
4,29,TLAXCALA,11,HUAMANTLA,13,HUAMANTLA,212,1,1,14,30,2,9,92,70,0,105,24,0,21,0,0,0,0,0,0,0,0,0,0,0,367,8,375,587
4,29,TLAXCALA,10,HUAMANTLA,13,HUAMANTLA,213,5,5,95,249,9,54,550,156,17,485,193,0,141,12,0,0,0,0,0,0,0,0,0,2,1961,107,2070,3291
4,29,TLAXCALA,10,HUAMANTLA,13,HUAMANTLA,214,4,4,76,200,5,47,485,106,8,311,216,0,159,7,0,0,0,0,0,0,0,0,0,1,1620,87,1708,2495
4,29,TLAXCALA,10,HUAMANTLA,13,HUAMANTLA,215,1,1,14,12,1,8,80,35,1,49,55,0,18,1,0,0,0,0,0,0,0,0,0,0,274,7,281,361
4,29,TLAXCALA,10,HUAMANTLA,13,HUAMANTLA,216,2,2,121,45,6,18,135,26,0,223,39,0,29,4,0,0,0,0,0,0,0,0,0,0,646,50,696,1087
4,29,TLAXCALA,10,HUAMANTLA,13,HUAMANTLA,217,2,2,29,58,3,22,221,66,5,166,140,0,47,3,0,0,0,0,0,0,0,0,0,0,760,26,786,1126
4,29,TLAXCALA,10,HUAMANTLA,13,HUAMANTLA,218,2,2,36,40,2,10,176,34,8,118,89,0,19,2,0,0,0,0,0,0,0,0,0,0,534,27,561,751
4,29,TLAXCALA,10,HUAMANTLA,13,HUAMANTLA,219,2,2,37,70,6,27,133,59,0,135,107,0,39,4,0,0,0,0,0,0,0,0,0,0,617,24,641,994
4,29,TLAXCALA,6,IXTACUIXTLA DE MARIANO MATAMOROS,14,HUEYOTLIPAN,220,4,4,17,396,0,7,57,232,8,441,0,0,380,36,0,0,0,0,0,0,0,0,0,1,1574,65,1640,2360
4,29,TLAXCALA,6,IXTACUIXTLA DE MARIANO MATAMOROS,14,HUEYOTLIPAN,221,4,4,32,364,0,4,85,253,5,368,0,0,397,32,0,0,0,0,0,0,0,0,0,0,1540,51,1591,2263
4,29,TLAXCALA,6,IXTACUIXTLA DE MARIANO MATAMOROS,14,HUEYOTLIPAN,222,2,2,13,168,0,6,54,305,0,231,0,0,86,14,0,0,0,0,0,0,0,0,0,0,877,42,919,1296
4,29,TLAXCALA,6,IXTACUIXTLA DE MARIANO MATAMOROS,14,HUEYOTLIPAN,223,1,1,6,67,0,4,21,47,3,64,0,0,40,5,0,0,0,0,0,0,0,0,0,0,257,20,277,407
4,29,TLAXCALA,6,IXTACUIXTLA DE MARIANO MATAMOROS,14,HUEYOTLIPAN,224,2,2,10,189,0,23,20,115,3,134,0,0,58,6,0,0,0,0,0,0,0,0,0,0,558,34,592,793
4,29,TLAXCALA,6,IXTACUIXTLA DE MARIANO MATAMOROS,14,HUEYOTLIPAN,225,1,1,3,49,0,0,15,78,0,81,0,0,15,3,0,0,0,0,0,0,0,0,0,0,244,10,254,317
4,29,TLAXCALA,6,IXTACUIXTLA DE MARIANO MATAMOROS,14,HUEYOTLIPAN,226,1,1,5,112,0,2,32,83,2,123,0,0,26,7,0,0,0,0,0,0,0,0,0,0,392,21,413,586
4,29,TLAXCALA,6,IXTACUIXTLA DE MARIANO MATAMOROS,14,HUEYOTLIPAN,227,1,1,27,107,0,5,21,104,5,129,0,0,61,6,0,0,0,0,0,0,0,0,0,0,465,13,478,671
4,29,TLAXCALA,6,IXTACUIXTLA DE MARIANO MATAMOROS,14,HUEYOTLIPAN,228,4,4,18,208,0,7,26,1043,3,301,0,0,62,9,0,0,0,0,0,0,0,0,0,0,1677,84,1761,2534
4,29,TLAXCALA,6,IXTACUIXTLA DE MARIANO MATAMOROS,14,HUEYOTLIPAN,229,1,1,0,24,0,0,16,32,0,27,0,0,27,1,0,0,0,0,0,0,0,0,0,0,127,6,133,172
4,29,TLAXCALA,6,IXTACUIXTLA DE MARIANO MATAMOROS,14,HUEYOTLIPAN,230,1,1,7,96,0,3,59,15,2,220,0,0,31,4,0,0,0,0,0,0,0,0,0,0,437,16,453,585
4,29,TLAXCALA,6,IXTACUIXTLA DE MARIANO MATAMOROS,14,HUEYOTLIPAN,231,1,1,1,19,0,3,16,75,5,38,0,0,24,1,0,0,0,0,0,0,0,0,0,0,182,12,194,279
4,29,TLAXCALA,6,IXTACUIXTLA DE MARIANO MATAMOROS,15,IXTACUIXTLA DE MARIANO MATAMOROS,232,4,4,16,92,8,161,255,79,26,350,32,290,90,0,0,0,0,0,0,0,32,0,0,0,1431,59,1490,2395
4,29,TLAXCALA,6,IXTACUIXTLA DE MARIANO MATAMOROS,15,IXTACUIXTLA DE MARIANO MATAMOROS,233,3,3,17,75,11,147,207,67,26,274,41,309,77,0,0,0,0,0,0,0,30,0,0,0,1281,54,1335,1967
4,29,TLAXCALA,6,IXTACUIXTLA DE MARIANO MATAMOROS,15,IXTACUIXTLA DE MARIANO MATAMOROS,234,2,2,14,54,19,85,109,38,11,210,33,294,42,0,0,0,0,0,0,0,8,0,0,19,917,40,976,1438
4,29,TLAXCALA,6,IXTACUIXTLA DE MARIANO MATAMOROS,15,IXTACUIXTLA DE MARIANO MATAMOROS,235,1,1,7,11,0,23,28,9,1,33,4,17,21,0,0,0,0,0,0,0,6,0,0,0,160,10,170,224
4,29,TLAXCALA,6,IXTACUIXTLA DE MARIANO MATAMOROS,15,IXTACUIXTLA DE MARIANO MATAMOROS,236,1,1,9,11,4,6,50,4,2,39,3,8,18,0,0,0,0,0,0,0,13,0,0,0,167,15,182,300
4,29,TLAXCALA,6,IXTACUIXTLA DE MARIANO MATAMOROS,15,IXTACUIXTLA DE MARIANO MATAMOROS,237,1,1,0,0,0,0,0,0,0,0,0,0,0,0,0,0,0,0,0,0,0,0,0,0,0,0,0,342
4,29,TLAXCALA,6,IXTACUIXTLA DE MARIANO MATAMOROS,15,IXTACUIXTLA DE MARIANO MATAMOROS,238,1,1,0,26,1,7,64,1,2,29,1,11,4,0,0,0,0,0,0,0,2,0,0,0,148,6,154,262
4,29,TLAXCALA,6,IXTACUIXTLA DE MARIANO MATAMOROS,15,IXTACUIXTLA DE MARIANO MATAMOROS,239,1,1,3,55,6,19,34,19,3,79,4,11,4,0,0,0,0,0,0,0,6,0,0,0,243,12,255,447
4,29,TLAXCALA,6,IXTACUIXTLA DE MARIANO MATAMOROS,15,IXTACUIXTLA DE MARIANO MATAMOROS,240,2,2,2,22,9,56,87,17,5,86,9,39,153,0,0,0,0,0,0,0,10,0,0,0,495,30,525,912
4,29,TLAXCALA,6,IXTACUIXTLA DE MARIANO MATAMOROS,15,IXTACUIXTLA DE MARIANO MATAMOROS,241,3,3,5,39,16,538,74,39,2,208,3,31,85,0,0,0,0,0,0,0,9,0,0,2,1049,71,1122,2036
4,29,TLAXCALA,6,IXTACUIXTLA DE MARIANO MATAMOROS,15,IXTACUIXTLA DE MARIANO MATAMOROS,242,3,3,7,36,12,449,66,25,5,170,0,26,78,0,0,0,0,0,0,0,4,0,0,0,878,76,954,1569
4,29,TLAXCALA,6,IXTACUIXTLA DE MARIANO MATAMOROS,15,IXTACUIXTLA DE MARIANO MATAMOROS,243,1,1,3,38,0,38,16,27,1,71,9,40,10,0,0,0,0,0,0,0,1,0,0,0,254,11,265,333
4,29,TLAXCALA,6,IXTACUIXTLA DE MARIANO MATAMOROS,15,IXTACUIXTLA DE MARIANO MATAMOROS,244,1,1,0,32,6,30,64,19,10,53,1,66,24,0,0,0,0,0,0,0,11,0,0,0,316,18,334,525
4,29,TLAXCALA,6,IXTACUIXTLA DE MARIANO MATAMOROS,15,IXTACUIXTLA DE MARIANO MATAMOROS,245,4,4,13,101,110,181,429,73,47,365,23,119,89,0,0,0,0,0,0,0,268,0,0,0,1818,109,1927,2608
4,29,TLAXCALA,6,IXTACUIXTLA DE MARIANO MATAMOROS,15,IXTACUIXTLA DE MARIANO MATAMOROS,246,2,2,3,67,6,51,190,21,14,139,8,70,15,0,0,0,0,0,0,0,35,0,0,0,619,19,638,827
4,29,TLAXCALA,6,IXTACUIXTLA DE MARIANO MATAMOROS,15,IXTACUIXTLA DE MARIANO MATAMOROS,247,3,3,7,355,12,108,177,15,61,240,20,56,65,0,0,0,0,0,0,0,33,0,0,0,1149,47,1196,1741
4,29,TLAXCALA,6,IXTACUIXTLA DE MARIANO MATAMOROS,15,IXTACUIXTLA DE MARIANO MATAMOROS,248,2,2,5,129,5,200,122,20,7,359,25,94,16,0,0,0,0,0,0,0,11,0,0,0,993,30,1023,1336
4,29,TLAXCALA,6,IXTACUIXTLA DE MARIANO MATAMOROS,15,IXTACUIXTLA DE MARIANO MATAMOROS,249,1,1,8,3,17,146,65,9,4,87,0,5,37,0,0,0,0,0,0,0,34,0,0,0,415,31,446,638
4,29,TLAXCALA,6,IXTACUIXTLA DE MARIANO MATAMOROS,15,IXTACUIXTLA DE MARIANO MATAMOROS,250,2,2,4,78,6,69,101,65,14,288,135,72,77,0,0,0,0,0,0,0,17,0,0,1,926,40,967,1456
4,29,TLAXCALA,6,IXTACUIXTLA DE MARIANO MATAMOROS,15,IXTACUIXTLA DE MARIANO MATAMOROS,251,5,5,13,157,9,171,595,86,63,586,44,269,49,0,0,0,0,0,0,0,166,0,0,0,2208,100,2308,3363
4,29,TLAXCALA,6,IXTACUIXTLA DE MARIANO MATAMOROS,15,IXTACUIXTLA DE MARIANO MATAMOROS,252,3,3,12,227,2,82,204,49,60,379,44,58,57,0,0,0,0,0,0,0,42,0,0,0,1216,48,1264,2133
4,29,TLAXCALA,6,IXTACUIXTLA DE MARIANO MATAMOROS,15,IXTACUIXTLA DE MARIANO MATAMOROS,253,3,3,8,120,6,75,165,29,22,334,31,91,45,0,0,0,0,0,0,0,44,0,0,0,970,74,1044,1769
4,29,TLAXCALA,6,IXTACUIXTLA DE MARIANO MATAMOROS,15,IXTACUIXTLA DE MARIANO MATAMOROS,256,3,3,3,28,6,70,69,362,28,250,17,41,21,0,0,0,0,0,0,0,59,0,0,0,954,64,1018,1549
4,29,TLAXCALA,6,IXTACUIXTLA DE MARIANO MATAMOROS,15,IXTACUIXTLA DE MARIANO MATAMOROS,257,2,2,4,19,5,33,48,282,8,169,7,26,14,0,0,0,0,0,0,0,10,0,0,13,625,25,663,1046
4,29,TLAXCALA,6,IXTACUIXTLA DE MARIANO MATAMOROS,15,IXTACUIXTLA DE MARIANO MATAMOROS,258,1,1,4,10,0,14,75,6,4,70,19,40,10,0,0,0,0,0,0,0,13,0,0,0,265,13,278,398
4,29,TLAXCALA,10,HUAMANTLA,16,IXTENCO,259,3,3,42,159,0,135,79,31,50,260,83,254,157,9,0,0,0,0,0,0,0,0,0,0,1259,24,1283,1661
4,29,TLAXCALA,10,HUAMANTLA,16,IXTENCO,260,2,2,14,130,0,103,88,24,23,202,120,184,131,7,0,0,0,0,0,0,0,0,0,0,1026,39,1065,1340
4,29,TLAXCALA,10,HUAMANTLA,16,IXTENCO,261,3,3,26,132,0,143,70,24,35,258,140,224,199,1,0,0,0,0,0,0,0,0,0,0,1252,23,1275,1696
4,29,TLAXCALA,10,HUAMANTLA,16,IXTENCO,262,2,2,27,126,0,86,40,34,44,205,84,217,84,6,0,0,0,0,0,0,0,0,0,0,953,26,979,1313
4,29,TLAXCALA,14,SAN FRANCISCO PAPALOTLA,17,MAZATECOCHCO DE JOSE MARIA MORELOS,263,4,4,5,34,373,9,264,88,196,526,75,144,47,1,0,0,0,0,0,0,0,0,0,0,1762,37,1799,2286
4,29,TLAXCALA,14,SAN FRANCISCO PAPALOTLA,17,MAZATECOCHCO DE JOSE MARIA MORELOS,264,4,4,5,52,456,3,390,78,270,382,37,79,59,5,0,0,0,0,0,0,0,0,0,1,1816,30,1847,2327
4,29,TLAXCALA,14,SAN FRANCISCO PAPALOTLA,17,MAZATECOCHCO DE JOSE MARIA MORELOS,265,3,3,11,42,413,2,586,51,140,283,22,65,40,0,0,0,0,0,0,0,0,0,0,1,1655,50,1706,2222
4,29,TLAXCALA,14,SAN FRANCISCO PAPALOTLA,17,MAZATECOCHCO DE JOSE MARIA MORELOS,266,3,3,10,60,278,4,283,62,248,239,42,54,45,4,0,0,0,0,0,0,0,0,0,0,1329,37,1366,1664
4,29,TLAXCALA,8,SAN BERNARDINO CONTLA,18,CONTLA DE JUAN CUAMATZI,267,3,3,45,31,169,742,44,37,30,253,136,18,5,4,0,0,0,0,0,0,0,0,0,2,1514,43,1559,2011
4,29,TLAXCALA,8,SAN BERNARDINO CONTLA,18,CONTLA DE JUAN CUAMATZI,268,4,4,23,22,187,844,75,112,33,473,176,9,7,2,0,0,0,0,0,0,0,0,0,0,1963,50,2013,2847
4,29,TLAXCALA,8,SAN BERNARDINO CONTLA,18,CONTLA DE JUAN CUAMATZI,269,3,3,20,39,150,450,65,66,57,320,131,11,7,3,0,0,0,0,0,0,0,0,0,0,1319,41,1360,1832
4,29,TLAXCALA,8,SAN BERNARDINO CONTLA,18,CONTLA DE JUAN CUAMATZI,270,3,3,46,20,157,369,120,39,25,180,178,7,6,2,0,0,0,0,0,0,0,0,0,0,1149,57,1206,1637
4,29,TLAXCALA,8,SAN BERNARDINO CONTLA,18,CONTLA DE JUAN CUAMATZI,271,3,3,43,36,213,459,94,49,41,190,152,7,4,6,0,0,0,0,0,0,0,0,0,1,1294,65,1360,1910
4,29,TLAXCALA,8,SAN BERNARDINO CONTLA,18,CONTLA DE JUAN CUAMATZI,272,5,5,46,67,325,989,145,70,58,396,317,8,10,1,0,0,0,0,0,0,0,0,0,1,2432,82,2515,3462
4,29,TLAXCALA,8,SAN BERNARDINO CONTLA,18,CONTLA DE JUAN CUAMATZI,273,3,3,63,32,205,763,55,34,35,268,197,12,6,0,0,0,0,0,0,0,0,0,0,2,1670,57,1729,2242
4,29,TLAXCALA,8,SAN BERNARDINO CONTLA,18,CONTLA DE JUAN CUAMATZI,274,2,2,26,25,158,403,53,28,9,209,88,10,4,0,0,0,0,0,0,0,0,0,0,0,1013,27,1040,1355
4,29,TLAXCALA,8,SAN BERNARDINO CONTLA,18,CONTLA DE JUAN CUAMATZI,275,3,3,13,14,296,252,34,23,29,163,547,7,5,0,0,0,0,0,0,0,0,0,0,0,1383,57,1440,1977
4,29,TLAXCALA,8,SAN BERNARDINO CONTLA,18,CONTLA DE JUAN CUAMATZI,276,3,3,13,16,315,255,57,21,36,164,638,3,11,2,0,0,0,0,0,0,0,0,0,1,1531,45,1577,2174
4,29,TLAXCALA,8,SAN BERNARDINO CONTLA,18,CONTLA DE JUAN CUAMATZI,277,1,1,36,47,37,96,32,21,21,77,45,1,2,3,0,0,0,0,0,0,0,0,0,0,418,18,436,538
4,29,TLAXCALA,8,SAN BERNARDINO CONTLA,18,CONTLA DE JUAN CUAMATZI,278,1,1,30,16,36,122,31,17,8,86,58,5,4,3,0,0,0,0,0,0,0,0,0,0,416,26,442,684
4,29,TLAXCALA,8,SAN BERNARDINO CONTLA,18,CONTLA DE JUAN CUAMATZI,279,3,3,251,135,165,263,84,30,67,286,74,7,10,19,0,0,0,0,0,0,0,0,0,0,1391,36,1427,1879
4,29,TLAXCALA,8,SAN BERNARDINO CONTLA,18,CONTLA DE JUAN CUAMATZI,280,1,1,11,2,27,176,20,28,9,105,26,4,0,1,0,0,0,0,0,0,0,0,0,0,409,8,417,592
4,29,TLAXCALA,8,SAN BERNARDINO CONTLA,18,CONTLA DE JUAN CUAMATZI,281,3,3,68,35,253,379,81,35,62,336,140,9,9,3,0,0,0,0,0,0,0,0,0,0,1410,66,1476,2190
4,29,TLAXCALA,8,SAN BERNARDINO CONTLA,18,CONTLA DE JUAN CUAMATZI,282,1,1,28,7,37,76,19,21,8,62,47,2,2,3,0,0,0,0,0,0,0,0,0,0,312,14,326,527
4,29,TLAXCALA,8,SAN BERNARDINO CONTLA,18,CONTLA DE JUAN CUAMATZI,283,3,3,17,23,132,484,107,37,25,182,163,5,7,1,0,0,0,0,0,0,0,0,0,0,1183,41,1224,1687
4,29,TLAXCALA,6,IXTACUIXTLA DE MARIANO MATAMOROS,19,TEPETITLA DE LARDIZABAL,284,3,3,7,7,9,299,301,70,2,89,231,85,72,0,0,0,0,0,0,0,0,0,0,0,1172,39,1211,1620
4,29,TLAXCALA,6,IXTACUIXTLA DE MARIANO MATAMOROS,19,TEPETITLA DE LARDIZABAL,285,2,2,4,5,34,283,218,62,0,68,177,97,54,0,0,0,0,0,0,0,0,0,0,0,1002,41,1043,1435
4,29,TLAXCALA,6,IXTACUIXTLA DE MARIANO MATAMOROS,19,TEPETITLA DE LARDIZABAL,286,4,4,24,9,25,454,369,84,7,101,328,110,84,0,0,0,0,0,0,0,0,0,0,0,1595,42,1637,2268
4,29,TLAXCALA,6,IXTACUIXTLA DE MARIANO MATAMOROS,19,TEPETITLA DE LARDIZABAL,287,3,3,35,8,29,373,300,92,11,100,343,115,72,0,0,0,0,0,0,0,0,0,0,0,1478,65,1543,2217
4,29,TLAXCALA,6,IXTACUIXTLA DE MARIANO MATAMOROS,19,TEPETITLA DE LARDIZABAL,289,3,3,13,13,0,237,147,38,16,125,95,42,513,0,0,0,0,0,0,0,0,0,0,1,1239,43,1283,1786
4,29,TLAXCALA,6,IXTACUIXTLA DE MARIANO MATAMOROS,19,TEPETITLA DE LARDIZABAL,290,5,5,17,23,8,581,617,81,14,172,297,96,353,0,0,0,0,0,0,0,0,0,0,0,2259,97,2356,3158
4,29,TLAXCALA,6,IXTACUIXTLA DE MARIANO MATAMOROS,19,TEPETITLA DE LARDIZABAL,291,1,1,3,3,0,150,70,38,3,54,91,16,89,0,0,0,0,0,0,0,0,0,0,0,517,10,527,710
4,29,TLAXCALA,6,IXTACUIXTLA DE MARIANO MATAMOROS,19,TEPETITLA DE LARDIZABAL,632,3,3,19,16,2,178,100,39,9,225,59,36,177,0,0,0,0,0,0,0,0,0,0,1,860,37,898,1601
4,29,TLAXCALA,6,IXTACUIXTLA DE MARIANO MATAMOROS,19,TEPETITLA DE LARDIZABAL,633,3,3,10,11,5,267,220,35,28,115,102,76,605,0,0,0,0,0,0,0,0,0,0,0,1474,50,1524,2121
4,29,TLAXCALA,1,SAN ANTONIO CALPULALPAN,20,SANCTORUM DE LAZARO CARDENAS,292,3,3,274,50,0,3,67,4,94,138,415,0,48,36,0,0,0,0,0,0,0,0,0,0,1129,37,1166,1645
4,29,TLAXCALA,6,IXTACUIXTLA DE MARIANO MATAMOROS,20,SANCTORUM DE LAZARO CARDENAS,293,1,1,17,20,0,0,3,1,3,24,53,0,6,2,0,0,0,0,0,0,0,0,0,0,129,2,131,155
4,29,TLAXCALA,1,SAN ANTONIO CALPULALPAN,20,SANCTORUM DE LAZARO CARDENAS,294,4,4,263,53,1,6,103,11,217,264,595,0,38,32,0,0,0,0,0,0,0,0,0,0,1583,62,1645,2421
4,29,TLAXCALA,1,SAN ANTONIO CALPULALPAN,20,SANCTORUM DE LAZARO CARDENAS,297,3,3,89,17,1,4,229,11,119,207,259,0,126,7,0,0,0,0,0,0,0,0,0,0,1069,31,1100,1587
4,29,TLAXCALA,1,SAN ANTONIO CALPULALPAN,20,SANCTORUM DE LAZARO CARDENAS,298,2,2,63,22,3,4,164,3,73,104,186,0,98,1,0,0,0,0,0,0,0,0,0,0,721,14,735,1054
4,29,TLAXCALA,1,SAN ANTONIO CALPULALPAN,21,NANACAMILPA DE MARIANO ARISTA,299,5,5,521,70,9,366,79,12,14,227,420,6,6,37,0,0,0,0,0,0,0,0,0,0,1767,50,1817,3121
4,29,TLAXCALA,1,SAN ANTONIO CALPULALPAN,21,NANACAMILPA DE MARIANO ARISTA,300,3,3,354,55,0,181,20,8,3,124,190,4,1,16,0,0,0,0,0,0,0,0,0,0,956,52,1008,1565
4,29,TLAXCALA,1,SAN ANTONIO CALPULALPAN,21,NANACAMILPA DE MARIANO ARISTA,301,4,4,665,104,4,172,56,9,11,136,377,2,5,60,0,0,0,0,0,0,0,0,0,0,1601,59,1660,2642
4,29,TLAXCALA,1,SAN ANTONIO CALPULALPAN,21,NANACAMILPA DE MARIANO ARISTA,302,4,4,512,80,5,251,91,20,7,108,535,1,3,37,0,0,0,0,0,0,0,0,0,0,1650,63,1713,2703
4,29,TLAXCALA,1,SAN ANTONIO CALPULALPAN,21,NANACAMILPA DE MARIANO ARISTA,303,2,2,219,24,0,72,23,4,4,42,138,1,1,13,0,0,0,0,0,0,0,0,0,0,541,23,564,826
4,29,TLAXCALA,1,SAN ANTONIO CALPULALPAN,21,NANACAMILPA DE MARIANO ARISTA,304,2,2,284,112,4,85,30,5,6,81,133,2,0,26,0,0,0,0,0,0,0,0,0,0,768,22,790,1112
4,29,TLAXCALA,1,SAN ANTONIO CALPULALPAN,21,NANACAMILPA DE MARIANO ARISTA,305,1,1,104,15,1,30,6,5,2,27,50,1,2,5,0,0,0,0,0,0,0,0,0,0,248,19,267,415
4,29,TLAXCALA,1,SAN ANTONIO CALPULALPAN,21,NANACAMILPA DE MARIANO ARISTA,306,1,1,27,3,1,50,10,0,2,39,30,1,1,0,0,0,0,0,0,0,0,0,0,0,164,9,173,208
4,29,TLAXCALA,1,SAN ANTONIO CALPULALPAN,21,NANACAMILPA DE MARIANO ARISTA,307,1,1,210,23,0,25,26,3,6,29,82,0,0,9,0,0,0,0,0,0,0,0,0,0,413,18,431,648
4,29,TLAXCALA,1,SAN ANTONIO CALPULALPAN,21,NANACAMILPA DE MARIANO ARISTA,308,2,2,486,34,2,145,17,5,3,72,206,2,4,19,0,0,0,0,0,0,0,0,0,1,995,39,1035,1400
4,29,TLAXCALA,12,SAN LUIS TEOLOCHOLCO,22,ACUAMANALA DE MIGUEL HIDALGO,309,2,2,109,2,72,182,0,203,133,154,265,65,0,4,0,0,0,0,0,0,0,0,0,0,1189,29,1218,1477
4,29,TLAXCALA,12,SAN LUIS TEOLOCHOLCO,22,ACUAMANALA DE MIGUEL HIDALGO,310,3,3,55,3,169,153,0,339,185,173,244,67,2,26,0,0,0,0,0,0,0,0,0,0,1416,37,1453,1716
4,29,TLAXCALA,12,SAN LUIS TEOLOCHOLCO,22,ACUAMANALA DE MIGUEL HIDALGO,311,2,2,104,7,94,152,0,190,135,178,151,20,2,11,0,0,0,0,0,0,0,0,0,0,1044,35,1079,1333
4,29,TLAXCALA,12,SAN LUIS TEOLOCHOLCO,22,ACUAMANALA DE MIGUEL HIDALGO,312,2,2,68,13,63,68,0,164,118,96,82,3,2,4,0,0,0,0,0,0,0,0,0,1,681,22,704,821
4,29,TLAXCALA,13,ZACATELCO,23,NATIVITAS,318,2,2,34,30,0,219,0,73,323,31,6,0,1,0,0,0,0,0,0,0,0,0,0,0,717,17,734,939
4,29,TLAXCALA,13,ZACATELCO,23,NATIVITAS,319,4,4,308,60,0,402,0,244,1020,116,9,0,2,0,0,0,0,0,0,0,0,0,0,0,2161,52,2213,2910
4,29,TLAXCALA,13,ZACATELCO,23,NATIVITAS,320,1,1,15,17,0,164,0,69,215,24,2,0,2,0,0,0,0,0,0,0,0,0,0,0,508,9,517,652
4,29,TLAXCALA,13,ZACATELCO,23,NATIVITAS,321,2,2,40,40,0,173,0,90,174,34,19,0,2,0,0,0,0,0,0,0,0,0,0,0,572,15,587,861
4,29,TLAXCALA,13,ZACATELCO,23,NATIVITAS,322,2,2,74,33,0,206,0,224,342,34,1,0,3,0,0,0,0,0,0,0,0,0,0,0,917,27,944,1201
4,29,TLAXCALA,13,ZACATELCO,23,NATIVITAS,323,3,3,53,121,0,279,0,210,173,276,12,0,4,0,0,0,0,0,0,0,0,0,0,0,1128,34,1162,1948
4,29,TLAXCALA,13,ZACATELCO,23,NATIVITAS,324,1,1,27,13,0,83,0,32,117,212,6,0,2,0,0,0,0,0,0,0,0,0,0,0,492,11,503,721
4,29,TLAXCALA,13,ZACATELCO,23,NATIVITAS,325,3,3,21,207,0,346,0,150,194,77,43,0,2,0,0,0,0,0,0,0,0,0,0,0,1040,42,1082,1520
4,29,TLAXCALA,13,ZACATELCO,23,NATIVITAS,326,4,4,22,866,0,270,0,164,363,100,7,0,3,0,0,0,0,0,0,0,0,0,0,0,1795,67,1862,2490
4,29,TLAXCALA,13,ZACATELCO,23,NATIVITAS,327,3,3,37,182,0,303,0,191,380,74,82,0,3,0,0,0,0,0,0,0,0,0,0,0,1252,24,1276,1857
4,29,TLAXCALA,13,ZACATELCO,23,NATIVITAS,328,2,2,13,18,0,239,0,68,207,48,26,0,9,0,0,0,0,0,0,0,0,0,0,0,628,21,649,909
4,29,TLAXCALA,13,ZACATELCO,23,NATIVITAS,329,3,3,14,43,0,214,0,773,109,56,18,0,14,0,0,0,0,0,0,0,0,0,0,0,1241,26,1267,1738
4,29,TLAXCALA,13,ZACATELCO,23,NATIVITAS,330,2,2,20,22,0,174,0,634,62,44,13,0,6,0,0,0,0,0,0,0,0,0,0,0,975,19,994,1359
4,29,TLAXCALA,13,ZACATELCO,23,NATIVITAS,331,2,2,71,53,0,320,0,187,59,106,99,0,30,0,0,0,0,0,0,0,0,0,0,0,925,55,980,1462
4,29,TLAXCALA,5,SAN NICOLAS PANOTLA,24,PANOTLA,332,1,1,10,5,9,1,6,9,4,23,2,6,5,0,0,0,0,0,0,0,0,0,0,0,80,8,88,231
4,29,TLAXCALA,5,SAN NICOLAS PANOTLA,24,PANOTLA,333,2,2,75,56,87,23,89,43,48,219,15,49,97,2,0,0,0,0,0,0,0,0,0,1,803,55,859,1375
4,29,TLAXCALA,5,SAN NICOLAS PANOTLA,24,PANOTLA,334,2,2,14,16,130,28,92,80,32,236,44,30,92,2,0,0,0,0,0,0,0,0,0,0,796,34,830,1111
4,29,TLAXCALA,5,SAN NICOLAS PANOTLA,24,PANOTLA,335,1,1,3,11,107,36,61,54,33,120,17,34,33,1,0,0,0,0,0,0,0,0,0,0,510,27,537,712
4,29,TLAXCALA,5,SAN NICOLAS PANOTLA,24,PANOTLA,336,5,5,23,51,224,112,247,120,153,607,67,200,285,4,0,0,0,0,0,0,0,0,0,0,2093,110,2203,3096
4,29,TLAXCALA,5,SAN NICOLAS PANOTLA,24,PANOTLA,337,3,3,20,48,134,139,170,134,98,372,35,116,183,1,0,0,0,0,0,0,0,0,0,17,1450,30,1497,1968
4,29,TLAXCALA,5,SAN NICOLAS PANOTLA,24,PANOTLA,338,4,4,15,48,293,95,289,52,83,364,68,9,284,2,0,0,0,0,0,0,0,0,0,0,1602,121,1723,2669
4,29,TLAXCALA,5,SAN NICOLAS PANOTLA,24,PANOTLA,339,2,2,3,24,119,16,92,19,3,54,12,4,36,2,0,0,0,0,0,0,0,0,0,0,384,39,423,759
4,29,TLAXCALA,5,SAN NICOLAS PANOTLA,24,PANOTLA,340,1,1,8,19,77,27,61,10,9,81,9,2,48,0,0,0,0,0,0,0,0,0,0,0,351,29,380,709
4,29,TLAXCALA,5,SAN NICOLAS PANOTLA,24,PANOTLA,341,1,1,0,10,12,6,51,2,7,29,4,0,18,0,0,0,0,0,0,0,0,0,0,0,139,4,143,172
4,29,TLAXCALA,5,SAN NICOLAS PANOTLA,24,PANOTLA,342,3,3,12,32,100,30,115,28,44,307,5,26,713,1,0,0,0,0,0,0,0,0,0,0,1413,61,1474,2023
4,29,TLAXCALA,5,SAN NICOLAS PANOTLA,24,PANOTLA,343,2,2,10,28,83,80,84,17,23,103,11,11,155,0,0,0,0,0,0,0,0,0,0,0,605,24,629,774
4,29,TLAXCALA,5,SAN NICOLAS PANOTLA,24,PANOTLA,344,2,2,2,46,113,24,129,14,10,149,20,13,96,1,0,0,0,0,0,0,0,0,0,0,617,17,634,817
4,29,TLAXCALA,5,SAN NICOLAS PANOTLA,24,PANOTLA,345,3,3,17,105,165,82,307,23,20,296,23,38,172,2,0,0,0,0,0,0,0,0,0,0,1250,50,1300,1806
4,29,TLAXCALA,5,SAN NICOLAS PANOTLA,24,PANOTLA,346,3,3,25,99,146,55,320,51,31,251,99,58,78,5,0,0,0,0,0,0,0,0,0,4,1218,57,1279,1760
4,29,TLAXCALA,5,SAN NICOLAS PANOTLA,24,PANOTLA,347,3,3,31,112,220,58,417,43,53,205,147,40,49,6,0,0,0,0,0,0,0,0,0,0,1381,53,1434,2092
4,29,TLAXCALA,15,VICENTE GUERRERO,25,SAN PABLO DEL MONTE,348,6,6,147,630,12,34,799,318,166,661,23,23,19,34,0,0,0,0,0,0,0,0,0,1,2866,71,2938,3933
4,29,TLAXCALA,15,VICENTE GUERRERO,25,SAN PABLO DEL MONTE,349,6,6,89,692,2,23,931,497,108,555,32,38,11,22,0,0,0,0,0,0,0,0,0,0,3000,107,3107,4155
4,29,TLAXCALA,15,VICENTE GUERRERO,25,SAN PABLO DEL MONTE,351,6,6,230,481,16,27,1105,224,43,823,8,28,17,21,0,0,0,0,0,0,0,0,0,0,3023,111,3134,4490
4,29,TLAXCALA,15,VICENTE GUERRERO,25,SAN PABLO DEL MONTE,352,4,4,154,323,12,36,615,166,34,525,9,16,14,11,0,0,0,0,0,0,0,0,0,0,1915,73,1988,2848
4,29,TLAXCALA,15,VICENTE GUERRERO,25,SAN PABLO DEL MONTE,353,6,6,205,379,12,37,858,322,46,649,12,9,18,42,0,0,0,0,0,0,0,0,0,0,2589,77,2666,3814
4,29,TLAXCALA,15,VICENTE GUERRERO,25,SAN PABLO DEL MONTE,354,5,5,162,522,2,15,778,410,83,519,6,25,20,16,0,0,0,0,0,0,0,0,0,0,2558,81,2639,3548
4,29,TLAXCALA,15,VICENTE GUERRERO,25,SAN PABLO DEL MONTE,355,4,4,94,374,11,30,640,380,101,416,21,8,6,19,0,0,0,0,0,0,0,0,0,0,2100,51,2151,2878
4,29,TLAXCALA,15,VICENTE GUERRERO,25,SAN PABLO DEL MONTE,356,6,6,104,433,7,51,953,358,103,798,11,10,58,21,0,0,0,0,0,0,0,0,0,0,2907,111,3018,4183
4,29,TLAXCALA,15,VICENTE GUERRERO,25,SAN PABLO DEL MONTE,357,4,4,112,388,8,32,602,289,47,473,15,10,8,23,0,0,0,0,0,0,0,0,0,0,2007,61,2068,2964
4,29,TLAXCALA,15,VICENTE GUERRERO,25,SAN PABLO DEL MONTE,358,5,5,138,441,20,33,784,329,62,681,19,12,10,31,0,0,0,0,0,0,0,0,0,1,2560,77,2638,3723
4,29,TLAXCALA,15,VICENTE GUERRERO,25,SAN PABLO DEL MONTE,359,4,4,94,284,20,16,556,397,49,340,4,11,11,20,0,0,0,0,0,0,0,0,0,0,1802,82,1884,2723
4,29,TLAXCALA,15,VICENTE GUERRERO,25,SAN PABLO DEL MONTE,360,4,4,149,228,8,16,491,307,47,355,9,9,7,14,0,0,0,0,0,0,0,0,0,2,1640,71,1713,2539
4,29,TLAXCALA,15,VICENTE GUERRERO,25,SAN PABLO DEL MONTE,361,5,5,126,458,2,60,747,339,42,466,40,8,7,15,0,0,0,0,0,0,0,0,0,1,2310,89,2400,3359
4,29,TLAXCALA,15,VICENTE GUERRERO,25,SAN PABLO DEL MONTE,363,7,7,378,344,9,71,1076,124,42,624,4,21,15,40,0,0,0,0,0,0,0,0,0,1,2748,203,2952,5036
4,29,TLAXCALA,15,VICENTE GUERRERO,25,SAN PABLO DEL MONTE,364,4,4,170,206,9,43,775,54,42,388,6,14,6,16,0,0,0,0,0,0,0,0,0,0,1729,120,1849,2953
4,29,TLAXCALA,15,VICENTE GUERRERO,25,SAN PABLO DEL MONTE,622,4,4,78,277,2,41,480,248,39,363,29,8,8,12,0,0,0,0,0,0,0,0,0,0,1585,64,1649,2483
4,29,TLAXCALA,15,VICENTE GUERRERO,25,SAN PABLO DEL MONTE,623,4,4,104,249,4,37,458,195,25,390,32,7,10,10,0,0,0,0,0,0,0,0,0,1,1521,62,1584,2474
4,29,TLAXCALA,15,VICENTE GUERRERO,25,SAN PABLO DEL MONTE,637,1,1,32,74,2,2,120,46,5,63,1,3,6,3,0,0,0,0,0,0,0,0,0,0,357,17,374,626
4,29,TLAXCALA,15,VICENTE GUERRERO,25,SAN PABLO DEL MONTE,638,3,3,61,146,1,15,338,111,40,201,4,18,19,11,0,0,0,0,0,0,0,0,0,0,965,29,994,1532
4,29,TLAXCALA,15,VICENTE GUERRERO,25,SAN PABLO DEL MONTE,639,2,2,56,171,1,16,242,80,34,226,0,5,7,5,0,0,0,0,0,0,0,0,0,0,843,26,869,1206
4,29,TLAXCALA,15,VICENTE GUERRERO,25,SAN PABLO DEL MONTE,640,2,2,73,127,0,2,217,52,23,118,3,10,12,4,0,0,0,0,0,0,0,0,0,0,641,17,658,906
4,29,TLAXCALA,15,VICENTE GUERRERO,25,SAN PABLO DEL MONTE,641,2,2,30,117,0,5,216,67,12,117,9,7,17,4,0,0,0,0,0,0,0,0,0,0,601,21,622,900
4,29,TLAXCALA,8,SAN BERNARDINO CONTLA,26,SANTA CRUZ TLAXCALA,365,5,5,274,43,91,125,98,74,27,452,210,323,8,7,0,0,0,0,0,0,0,0,0,0,1732,63,1795,3101
4,29,TLAXCALA,8,SAN BERNARDINO CONTLA,26,SANTA CRUZ TLAXCALA,366,4,4,228,36,62,79,125,35,14,278,186,773,3,12,0,0,0,0,0,0,0,0,0,0,1831,31,1862,2530
4,29,TLAXCALA,8,SAN BERNARDINO CONTLA,26,SANTA CRUZ TLAXCALA,367,4,4,365,45,60,31,69,75,13,358,490,179,10,14,0,0,0,0,0,0,0,0,0,0,1709,50,1759,2303
4,29,TLAXCALA,8,SAN BERNARDINO CONTLA,26,SANTA CRUZ TLAXCALA,368,3,3,440,50,68,19,50,40,7,292,450,182,3,36,0,0,0,0,0,0,0,0,0,0,1637,49,1686,2187
4,29,TLAXCALA,8,SAN BERNARDINO CONTLA,26,SANTA CRUZ TLAXCALA,369,4,4,332,49,86,35,45,57,28,489,432,146,7,11,0,0,0,0,0,0,0,0,0,0,1717,69,1786,2529
4,29,TLAXCALA,8,SAN BERNARDINO CONTLA,26,SANTA CRUZ TLAXCALA,370,2,2,214,25,30,18,34,13,23,201,210,162,3,3,0,0,0,0,0,0,0,0,0,0,936,24,960,1227
4,29,TLAXCALA,8,SAN BERNARDINO CONTLA,26,SANTA CRUZ TLAXCALA,371,4,4,251,59,57,29,60,21,17,525,178,833,5,10,0,0,0,0,0,0,0,0,0,0,2045,63,2108,2936
4,29,TLAXCALA,8,SAN BERNARDINO CONTLA,26,SANTA CRUZ TLAXCALA,609,2,2,47,15,12,19,56,27,8,102,12,32,4,3,0,0,0,0,0,0,0,0,0,1,337,27,365,782
4,29,TLAXCALA,14,SAN FRANCISCO PAPALOTLA,27,TENANCINGO,372,2,2,49,239,20,215,38,5,0,257,0,19,36,0,0,0,0,0,0,0,0,0,0,0,878,53,931,1434
4,29,TLAXCALA,14,SAN FRANCISCO PAPALOTLA,27,TENANCINGO,373,2,2,50,137,21,214,23,8,0,271,2,10,41,0,0,0,0,0,0,0,0,0,0,0,777,44,821,1303
4,29,TLAXCALA,14,SAN FRANCISCO PAPALOTLA,27,TENANCINGO,374,2,2,99,128,17,135,29,7,0,139,1,33,27,0,0,0,0,0,0,0,0,0,0,0,615,56,671,1063
4,29,TLAXCALA,14,SAN FRANCISCO PAPALOTLA,27,TENANCINGO,375,4,4,120,317,30,255,45,18,0,332,4,42,119,0,0,0,0,0,0,0,0,0,0,1,1282,87,1370,2255
4,29,TLAXCALA,14,SAN FRANCISCO PAPALOTLA,27,TENANCINGO,376,3,3,86,271,40,197,28,9,0,284,2,14,63,0,0,0,0,0,0,0,0,0,0,0,994,72,1066,1638
4,29,TLAXCALA,14,SAN FRANCISCO PAPALOTLA,27,TENANCINGO,377,3,3,155,248,57,244,34,22,0,366,4,28,67,0,0,0,0,0,0,0,0,0,0,0,1225,81,1306,2087
4,29,TLAXCALA,12,SAN LUIS TEOLOCHOLCO,28,TEOLOCHOLCO,378,3,3,117,15,12,405,107,8,15,446,300,0,6,2,0,0,0,0,0,0,0,0,0,0,1433,54,1487,1933
4,29,TLAXCALA,12,SAN LUIS TEOLOCHOLCO,28,TEOLOCHOLCO,379,4,4,192,11,23,589,318,30,10,500,289,0,8,3,0,0,0,0,0,0,0,0,0,0,1973,60,2033,2682
4,29,TLAXCALA,12,SAN LUIS TEOLOCHOLCO,28,TEOLOCHOLCO,381,3,3,93,5,17,461,200,19,30,451,122,0,8,0,0,0,0,0,0,0,0,0,0,0,1406,61,1467,2093
4,29,TLAXCALA,12,SAN LUIS TEOLOCHOLCO,28,TEOLOCHOLCO,382,3,3,89,3,14,446,110,12,11,356,238,0,2,0,0,0,0,0,0,0,0,0,0,0,1281,43,1324,1716
4,29,TLAXCALA,12,SAN LUIS TEOLOCHOLCO,28,TEOLOCHOLCO,383,3,3,105,0,35,400,51,17,28,437,325,0,2,2,0,0,0,0,0,0,0,0,0,1,1402,37,1440,1766
4,29,TLAXCALA,12,SAN LUIS TEOLOCHOLCO,28,TEOLOCHOLCO,384,3,3,123,15,11,495,102,19,4,313,360,0,5,4,0,0,0,0,0,0,0,0,0,0,1451,43,1494,1987
4,29,TLAXCALA,12,SAN LUIS TEOLOCHOLCO,28,TEOLOCHOLCO,385,1,1,17,2,6,137,40,2,1,110,31,0,1,0,0,0,0,0,0,0,0,0,0,0,347,12,359,416
4,29,TLAXCALA,12,SAN LUIS TEOLOCHOLCO,28,TEOLOCHOLCO,386,4,4,197,48,11,501,139,26,25,628,159,0,12,5,0,0,0,0,0,0,0,0,0,0,1751,85,1836,2270
4,29,TLAXCALA,12,SAN LUIS TEOLOCHOLCO,28,TEOLOCHOLCO,624,3,3,124,7,28,472,321,22,18,405,152,0,8,1,0,0,0,0,0,0,0,0,0,0,1558,82,1640,2196
4,29,TLAXCALA,12,SAN LUIS TEOLOCHOLCO,28,TEOLOCHOLCO,625,4,4,149,7,24,512,416,22,29,386,90,0,11,3,0,0,0,0,0,0,0,0,0,0,1649,60,1709,2375
4,29,TLAXCALA,12,SAN LUIS TEOLOCHOLCO,29,TEPEYANCO,387,4,4,81,12,67,49,3,51,391,133,551,0,0,5,0,0,0,0,0,0,0,0,0,0,1343,27,1370,1762
4,29,TLAXCALA,12,SAN LUIS TEOLOCHOLCO,29,TEPEYANCO,388,2,2,90,10,46,48,2,37,210,127,457,0,1,0,0,0,0,0,0,0,0,0,0,0,1028,29,1057,1433
4,29,TLAXCALA,12,SAN LUIS TEOLOCHOLCO,29,TEPEYANCO,389,2,2,42,6,38,58,4,31,33,83,126,0,7,1,0,0,0,0,0,0,0,0,0,0,429,18,447,753
4,29,TLAXCALA,12,SAN LUIS TEOLOCHOLCO,29,TEPEYANCO,390,2,2,45,16,138,135,2,27,70,87,182,0,5,4,0,0,0,0,0,0,0,0,0,0,711,22,733,976
4,29,TLAXCALA,12,SAN LUIS TEOLOCHOLCO,29,TEPEYANCO,393,2,2,77,18,73,90,10,18,101,96,217,0,4,3,0,0,0,0,0,0,0,0,0,0,707,22,729,973
4,29,TLAXCALA,12,SAN LUIS TEOLOCHOLCO,29,TEPEYANCO,394,4,4,166,26,595,360,4,75,67,223,305,0,1,1,0,0,0,0,0,0,0,0,0,0,1823,56,1879,2267
4,29,TLAXCALA,12,SAN LUIS TEOLOCHOLCO,29,TEPEYANCO,397,3,3,37,14,64,570,6,30,120,361,263,0,4,3,0,0,0,0,0,0,0,0,0,0,1472,37,1509,1854
4,29,TLAXCALA,3,SANTIAGO TETLA,30,TERRENATE,398,4,4,20,8,0,243,458,355,6,180,97,0,596,0,0,0,0,0,0,0,0,0,0,0,1963,65,2028,2802
4,29,TLAXCALA,3,SANTIAGO TETLA,30,TERRENATE,399,3,3,12,6,0,111,347,347,5,59,71,0,324,0,0,0,0,0,0,0,0,0,0,0,1282,44,1326,1783
4,29,TLAXCALA,3,SANTIAGO TETLA,30,TERRENATE,403,2,2,37,12,0,124,259,172,11,129,115,0,86,0,0,0,0,0,0,0,0,0,0,0,945,26,971,1279
4,29,TLAXCALA,3,SANTIAGO TETLA,30,TERRENATE,404,4,4,67,23,0,180,446,565,8,165,96,0,449,0,0,0,0,0,0,0,0,0,0,0,1999,93,2092,2751
4,29,TLAXCALA,3,SANTIAGO TETLA,30,TERRENATE,405,1,1,3,2,0,27,34,62,1,20,16,0,52,0,0,0,0,0,0,0,0,0,0,0,217,9,226,280
4,29,TLAXCALA,3,SANTIAGO TETLA,30,TERRENATE,406,1,1,5,5,0,106,43,119,2,23,26,0,63,0,0,0,0,0,0,0,0,0,0,0,392,8,400,510
4,29,TLAXCALA,3,SANTIAGO TETLA,30,TERRENATE,407,2,2,24,5,0,54,143,157,3,52,67,0,130,0,0,0,0,0,0,0,0,0,0,0,635,25,660,806
4,29,TLAXCALA,3,SANTIAGO TETLA,30,TERRENATE,408,2,2,80,17,0,71,335,299,6,58,82,0,125,0,0,0,0,0,0,0,0,0,0,0,1073,40,1113,1463
4,29,TLAXCALA,3,SANTIAGO TETLA,31,TETLA DE LA SOLIDARIDAD,409,3,3,80,16,88,219,16,350,11,319,0,14,56,0,0,0,0,0,0,0,0,0,0,0,1169,51,1220,1673
4,29,TLAXCALA,3,SANTIAGO TETLA,31,TETLA DE LA SOLIDARIDAD,410,2,2,96,11,28,166,12,350,5,270,0,13,17,2,0,0,0,0,0,0,0,0,0,0,970,42,1012,1386
4,29,TLAXCALA,3,SANTIAGO TETLA,31,TETLA DE LA SOLIDARIDAD,411,5,5,265,42,70,295,37,580,44,558,0,10,110,1,0,0,0,0,0,0,0,0,0,0,2012,73,2085,3071
4,29,TLAXCALA,3,SANTIAGO TETLA,31,TETLA DE LA SOLIDARIDAD,412,5,5,176,42,133,324,47,636,17,696,0,12,183,4,0,0,0,0,0,0,0,0,0,0,2270,81,2351,3597
4,29,TLAXCALA,3,SANTIAGO TETLA,31,TETLA DE LA SOLIDARIDAD,413,2,2,81,11,33,111,17,302,7,272,0,6,54,0,0,0,0,0,0,0,0,0,0,0,894,42,936,1448
4,29,TLAXCALA,3,SANTIAGO TETLA,31,TETLA DE LA SOLIDARIDAD,414,2,2,61,9,21,101,11,105,3,194,0,4,12,2,0,0,0,0,0,0,0,0,0,0,523,14,537,818
4,29,TLAXCALA,3,SANTIAGO TETLA,31,TETLA DE LA SOLIDARIDAD,415,2,2,121,18,24,114,9,114,13,247,0,7,30,0,0,0,0,0,0,0,0,0,0,1,697,39,737,1114
4,29,TLAXCALA,3,SANTIAGO TETLA,31,TETLA DE LA SOLIDARIDAD,416,2,2,34,3,3,287,16,168,243,111,0,0,24,0,0,0,0,0,0,0,0,0,0,0,889,57,946,1248
4,29,TLAXCALA,3,SANTIAGO TETLA,31,TETLA DE LA SOLIDARIDAD,417,1,1,3,0,0,107,1,56,72,45,0,0,0,2,0,0,0,0,0,0,0,0,0,0,286,11,297,357
4,29,TLAXCALA,3,SANTIAGO TETLA,31,TETLA DE LA SOLIDARIDAD,418,1,1,32,5,27,107,3,74,14,76,0,3,20,0,0,0,0,0,0,0,0,0,0,0,361,11,372,494
4,29,TLAXCALA,3,SANTIAGO TETLA,31,TETLA DE LA SOLIDARIDAD,419,1,1,28,3,5,149,1,177,15,122,0,4,10,0,0,0,0,0,0,0,0,0,0,0,514,15,529,705
4,29,TLAXCALA,3,SANTIAGO TETLA,31,TETLA DE LA SOLIDARIDAD,420,3,3,35,6,10,829,20,254,6,190,0,7,73,0,0,0,0,0,0,0,0,0,0,0,1430,45,1475,2210
4,29,TLAXCALA,3,SANTIAGO TETLA,31,TETLA DE LA SOLIDARIDAD,421,4,4,71,21,30,796,19,289,9,277,0,6,101,2,0,0,0,0,0,0,0,0,0,1,1621,71,1693,2664
4,29,TLAXCALA,3,SANTIAGO TETLA,31,TETLA DE LA SOLIDARIDAD,423,1,1,4,2,1,69,1,41,0,81,0,1,0,0,0,0,0,0,0,0,0,0,0,0,200,4,204,257
4,29,TLAXCALA,3,SANTIAGO TETLA,31,TETLA DE LA SOLIDARIDAD,620,3,3,101,20,51,345,12,213,13,412,0,5,21,4,0,0,0,0,0,0,0,0,0,0,1197,44,1241,1879
4,29,TLAXCALA,3,SANTIAGO TETLA,31,TETLA DE LA SOLIDARIDAD,621,4,4,125,30,19,348,20,343,20,540,0,18,33,0,0,0,0,0,0,0,0,0,0,1,1496,81,1578,2518
4,29,TLAXCALA,12,SAN LUIS TEOLOCHOLCO,32,TETLATLAHUCA,424,3,3,1,2,1,511,0,6,80,549,8,7,0,0,0,0,0,0,0,0,0,0,0,0,1165,18,1183,1635
4,29,TLAXCALA,12,SAN LUIS TEOLOCHOLCO,32,TETLATLAHUCA,425,3,3,6,3,1,836,0,3,45,349,1,1,0,0,0,0,0,0,0,0,0,0,0,0,1245,20,1265,1619
4,29,TLAXCALA,12,SAN LUIS TEOLOCHOLCO,32,TETLATLAHUCA,426,3,3,2,2,0,815,0,2,42,242,5,1,0,0,0,0,0,0,0,0,0,0,0,0,1111,14,1125,1501
4,29,TLAXCALA,12,SAN LUIS TEOLOCHOLCO,32,TETLATLAHUCA,427,3,3,8,3,1,295,0,9,70,999,13,12,0,0,0,0,0,0,0,0,0,0,0,0,1410,39,1449,2028
4,29,TLAXCALA,12,SAN LUIS TEOLOCHOLCO,32,TETLATLAHUCA,428,3,3,3,1,4,183,0,3,75,905,6,6,0,0,0,0,0,0,0,0,0,0,0,0,1186,26,1212,1623
4,29,TLAXCALA,12,SAN LUIS TEOLOCHOLCO,32,TETLATLAHUCA,431,2,2,9,8,2,494,0,10,53,339,8,5,0,0,0,0,0,0,0,0,0,0,0,0,928,22,950,1238
4,29,TLAXCALA,12,SAN LUIS TEOLOCHOLCO,32,TETLATLAHUCA,434,1,1,0,1,2,184,0,3,165,168,1,1,0,0,0,0,0,0,0,0,0,0,0,0,525,15,540,717
4,29,TLAXCALA,7,TLAXCALA DE XICOHTENCATL,33,TLAXCALA,435,3,3,171,144,19,27,23,266,133,454,12,13,12,9,0,0,0,0,0,0,0,0,0,1,1283,55,1339,1968
4,29,TLAXCALA,7,TLAXCALA DE XICOHTENCATL,33,TLAXCALA,436,3,3,92,149,38,34,39,281,108,603,5,8,28,12,0,0,0,0,0,0,0,0,0,0,1397,48,1445,2165
4,29,TLAXCALA,7,TLAXCALA DE XICOHTENCATL,33,TLAXCALA,437,3,3,129,124,18,13,15,206,85,423,15,8,10,6,0,0,0,0,0,0,0,0,0,0,1052,48,1100,1505
4,29,TLAXCALA,7,TLAXCALA DE XICOHTENCATL,33,TLAXCALA,438,3,3,103,78,33,55,64,264,97,527,21,15,14,12,0,0,0,0,0,0,0,0,0,0,1283,46,1329,1765
4,29,TLAXCALA,7,TLAXCALA DE XICOHTENCATL,33,TLAXCALA,439,4,4,201,160,55,60,77,289,136,692,25,21,23,11,0,0,0,0,0,0,0,0,0,0,1750,67,1817,2498
4,29,TLAXCALA,7,TLAXCALA DE XICOHTENCATL,33,TLAXCALA,440,3,3,270,200,41,43,40,206,152,412,27,6,13,13,0,0,0,0,0,0,0,0,0,0,1423,55,1478,1985
4,29,TLAXCALA,7,TLAXCALA DE XICOHTENCATL,33,TLAXCALA,441,2,2,150,109,23,22,23,106,97,234,6,4,12,14,0,0,0,0,0,0,0,0,0,0,800,15,815,1145
4,29,TLAXCALA,7,TLAXCALA DE XICOHTENCATL,33,TLAXCALA,442,2,2,102,82,22,17,28,136,104,253,6,7,9,15,0,0,0,0,0,0,0,0,0,0,781,33,814,1156
4,29,TLAXCALA,7,TLAXCALA DE XICOHTENCATL,33,TLAXCALA,443,1,1,82,61,19,8,20,57,50,134,5,2,9,10,0,0,0,0,0,0,0,0,0,0,457,18,475,690
4,29,TLAXCALA,7,TLAXCALA DE XICOHTENCATL,33,TLAXCALA,444,6,6,424,286,73,78,86,393,307,1002,40,18,18,31,0,0,0,0,0,0,0,0,0,7,2756,107,2870,4223
4,29,TLAXCALA,7,TLAXCALA DE XICOHTENCATL,33,TLAXCALA,445,3,3,112,90,29,25,61,201,98,369,11,7,13,8,0,0,0,0,0,0,0,0,0,0,1024,41,1065,1551
4,29,TLAXCALA,7,TLAXCALA DE XICOHTENCATL,33,TLAXCALA,446,1,1,108,56,29,7,16,64,39,142,5,3,2,6,0,0,0,0,0,0,0,0,0,2,477,6,485,668
4,29,TLAXCALA,7,TLAXCALA DE XICOHTENCATL,33,TLAXCALA,447,2,2,105,107,33,9,18,75,62,147,10,3,7,7,0,0,0,0,0,0,0,0,0,0,583,21,604,826
4,29,TLAXCALA,7,TLAXCALA DE XICOHTENCATL,33,TLAXCALA,448,4,4,168,119,58,34,134,413,162,521,29,11,75,12,0,0,0,0,0,0,0,0,0,4,1736,63,1803,2519
4,29,TLAXCALA,7,TLAXCALA DE XICOHTENCATL,33,TLAXCALA,449,3,3,136,89,20,20,39,154,141,275,9,2,8,6,0,0,0,0,0,0,0,0,0,0,899,29,928,1358
4,29,TLAXCALA,7,TLAXCALA DE XICOHTENCATL,33,TLAXCALA,450,2,2,112,69,15,13,17,84,70,147,6,4,2,5,0,0,0,0,0,0,0,0,0,1,544,13,558,800
4,29,TLAXCALA,7,TLAXCALA DE XICOHTENCATL,33,TLAXCALA,451,3,3,182,101,41,40,44,265,131,486,11,11,36,9,0,0,0,0,0,0,0,0,0,0,1357,61,1418,1990
4,29,TLAXCALA,7,TLAXCALA DE XICOHTENCATL,33,TLAXCALA,452,3,3,144,167,44,26,37,171,97,375,13,4,20,11,0,0,0,0,0,0,0,0,0,0,1109,39,1148,1582
4,29,TLAXCALA,7,TLAXCALA DE XICOHTENCATL,33,TLAXCALA,454,2,2,70,49,92,20,15,79,40,205,8,2,9,2,0,0,0,0,0,0,0,0,0,0,591,25,616,841
4,29,TLAXCALA,7,TLAXCALA DE XICOHTENCATL,33,TLAXCALA,455,1,1,89,69,12,15,16,61,43,199,7,4,2,4,0,0,0,0,0,0,0,0,0,1,521,19,541,746
4,29,TLAXCALA,7,TLAXCALA DE XICOHTENCATL,33,TLAXCALA,456,3,3,265,159,78,39,29,199,146,464,13,12,8,20,0,0,0,0,0,0,0,0,0,0,1432,56,1488,2012
4,29,TLAXCALA,7,TLAXCALA DE XICOHTENCATL,33,TLAXCALA,457,2,2,108,104,35,18,22,125,65,276,5,7,6,31,0,0,0,0,0,0,0,0,0,0,802,39,841,1167
4,29,TLAXCALA,7,TLAXCALA DE XICOHTENCATL,33,TLAXCALA,459,3,3,234,135,31,41,55,190,149,514,13,8,25,21,0,0,0,0,0,0,0,0,0,1,1416,61,1478,2129
4,29,TLAXCALA,7,TLAXCALA DE XICOHTENCATL,33,TLAXCALA,460,2,2,117,105,21,30,45,122,96,328,7,4,10,13,0,0,0,0,0,0,0,0,0,5,898,32,935,1395
4,29,TLAXCALA,7,TLAXCALA DE XICOHTENCATL,33,TLAXCALA,461,4,4,197,134,43,42,52,226,160,534,12,14,18,19,0,0,0,0,0,0,0,0,0,3,1451,46,1500,2279
4,29,TLAXCALA,7,TLAXCALA DE XICOHTENCATL,33,TLAXCALA,462,4,4,339,176,36,42,47,223,202,559,21,10,20,7,0,0,0,0,0,0,0,0,0,3,1682,65,1750,2444
4,29,TLAXCALA,7,TLAXCALA DE XICOHTENCATL,33,TLAXCALA,463,3,3,173,123,40,32,46,193,142,417,16,9,12,15,0,0,0,0,0,0,0,0,0,1,1218,58,1277,1863
4,29,TLAXCALA,7,TLAXCALA DE XICOHTENCATL,33,TLAXCALA,464,7,7,476,338,91,80,101,473,451,1021,36,29,51,38,0,0,0,0,0,0,0,0,0,2,3185,128,3315,4986
4,29,TLAXCALA,7,TLAXCALA DE XICOHTENCATL,33,TLAXCALA,465,8,8,325,358,128,98,100,706,307,1180,38,15,74,40,0,0,0,0,0,0,0,0,0,4,3369,136,3509,5317
4,29,TLAXCALA,7,TLAXCALA DE XICOHTENCATL,33,TLAXCALA,466,7,7,168,178,62,71,112,923,157,1056,23,25,77,11,0,0,0,0,0,0,0,0,0,1,2863,164,3028,4955
4,29,TLAXCALA,7,TLAXCALA DE XICOHTENCATL,33,TLAXCALA,467,3,3,104,101,8,21,36,247,69,434,9,8,12,4,0,0,0,0,0,0,0,0,0,0,1053,34,1087,1519
4,29,TLAXCALA,7,TLAXCALA DE XICOHTENCATL,33,TLAXCALA,468,4,4,210,128,39,61,59,518,171,624,14,5,28,5,0,0,0,0,0,0,0,0,0,2,1862,79,1943,2813
4,29,TLAXCALA,7,TLAXCALA DE XICOHTENCATL,33,TLAXCALA,469,3,3,171,63,45,26,69,333,135,337,12,3,13,7,0,0,0,0,0,0,0,0,0,0,1214,58,1272,1792
4,29,TLAXCALA,7,TLAXCALA DE XICOHTENCATL,33,TLAXCALA,612,1,1,12,13,1,5,10,19,16,51,4,0,0,1,0,0,0,0,0,0,0,0,0,1,132,7,140,238
4,29,TLAXCALA,7,TLAXCALA DE XICOHTENCATL,33,TLAXCALA,626,5,5,263,221,62,78,81,343,180,771,30,18,32,21,0,0,0,0,0,0,0,0,0,0,2100,77,2177,3322
4,29,TLAXCALA,7,TLAXCALA DE XICOHTENCATL,33,TLAXCALA,627,4,4,229,198,109,56,61,214,130,520,91,15,158,17,0,0,0,0,0,0,0,0,0,1,1798,62,1861,2773
4,29,TLAXCALA,7,TLAXCALA DE XICOHTENCATL,33,TLAXCALA,628,3,3,146,108,41,36,53,169,116,455,15,7,18,6,0,0,0,0,0,0,0,0,0,0,1170,33,1203,1830
4,29,TLAXCALA,7,TLAXCALA DE XICOHTENCATL,33,TLAXCALA,629,3,3,193,114,48,40,45,206,142,485,16,12,28,12,0,0,0,0,0,0,0,0,0,3,1341,64,1408,2210
4,29,TLAXCALA,7,TLAXCALA DE XICOHTENCATL,33,TLAXCALA,630,3,3,85,73,27,23,36,234,37,398,6,5,231,5,0,0,0,0,0,0,0,0,0,0,1160,80,1240,2061
4,29,TLAXCALA,7,TLAXCALA DE XICOHTENCATL,33,TLAXCALA,631,3,3,57,42,22,24,38,343,87,294,8,5,468,5,0,0,0,0,0,0,0,0,0,0,1393,58,1451,2186
4,29,TLAXCALA,2,TLAXCO DE MORELOS,34,TLAXCO,58,1,1,8,4,0,57,6,21,1,80,0,0,2,0,0,0,0,0,0,0,0,0,0,0,179,12,191,267
4,29,TLAXCALA,2,TLAXCO DE MORELOS,34,TLAXCO,470,2,2,126,33,0,181,15,33,1,277,0,0,3,2,0,0,0,0,0,0,0,0,0,0,671,30,701,1098
4,29,TLAXCALA,2,TLAXCO DE MORELOS,34,TLAXCO,471,3,3,195,24,0,145,10,84,2,439,0,0,4,5,0,0,0,0,0,0,0,0,0,0,908,44,952,1587
4,29,TLAXCALA,2,TLAXCO DE MORELOS,34,TLAXCO,472,2,2,135,23,0,135,8,68,4,536,0,0,7,5,0,0,0,0,0,0,0,0,0,0,921,28,949,1466
4,29,TLAXCALA,2,TLAXCO DE MORELOS,34,TLAXCO,473,2,2,124,28,0,139,10,58,11,411,0,0,8,3,0,0,0,0,0,0,0,0,0,1,792,20,813,1200
4,29,TLAXCALA,2,TLAXCO DE MORELOS,34,TLAXCO,474,3,3,183,36,0,216,16,87,4,628,0,0,7,10,0,0,0,0,0,0,0,0,0,0,1187,31,1218,2061
4,29,TLAXCALA,2,TLAXCO DE MORELOS,34,TLAXCO,475,2,2,150,54,0,120,4,72,9,465,0,0,3,11,0,0,0,0,0,0,0,0,0,0,888,14,902,1296
4,29,TLAXCALA,2,TLAXCO DE MORELOS,34,TLAXCO,476,5,5,302,57,0,381,24,140,8,1022,0,0,12,16,0,0,0,0,0,0,0,0,0,0,1962,80,2042,3309
4,29,TLAXCALA,2,TLAXCO DE MORELOS,34,TLAXCO,477,2,2,122,34,0,192,4,47,4,334,0,0,3,13,0,0,0,0,0,0,0,0,0,0,753,25,778,1115
4,29,TLAXCALA,2,TLAXCO DE MORELOS,34,TLAXCO,478,1,1,69,8,0,93,3,18,4,172,0,0,1,6,0,0,0,0,0,0,0,0,0,0,374,19,393,526
4,29,TLAXCALA,2,TLAXCO DE MORELOS,34,TLAXCO,479,1,1,7,15,0,13,7,14,5,133,0,0,1,0,0,0,0,0,0,0,0,0,0,0,195,15,210,344
4,29,TLAXCALA,2,TLAXCO DE MORELOS,34,TLAXCO,480,1,1,14,3,0,28,3,12,2,84,0,0,1,1,0,0,0,0,0,0,0,0,0,0,148,5,153,253
4,29,TLAXCALA,2,TLAXCO DE MORELOS,34,TLAXCO,481,3,3,175,70,0,141,12,47,9,897,0,0,14,8,0,0,0,0,0,0,0,0,0,0,1373,48,1421,2082
4,29,TLAXCALA,2,TLAXCO DE MORELOS,34,TLAXCO,482,3,3,195,14,0,239,16,74,3,620,0,0,4,10,0,0,0,0,0,0,0,0,0,0,1175,47,1222,2022
4,29,TLAXCALA,2,TLAXCO DE MORELOS,34,TLAXCO,483,1,1,6,11,0,9,0,1,2,50,0,0,0,0,0,0,0,0,0,0,0,0,0,0,79,2,81,139
4,29,TLAXCALA,2,TLAXCO DE MORELOS,34,TLAXCO,484,3,3,128,41,0,177,16,40,7,663,0,0,1,8,0,0,0,0,0,0,0,0,0,0,1081,59,1140,1882
4,29,TLAXCALA,2,TLAXCO DE MORELOS,34,TLAXCO,485,2,2,107,19,0,87,4,32,8,232,0,0,1,4,0,0,0,0,0,0,0,0,0,0,494,11,505,758
4,29,TLAXCALA,2,TLAXCO DE MORELOS,34,TLAXCO,486,1,1,84,5,0,190,1,13,2,129,0,0,1,3,0,0,0,0,0,0,0,0,0,0,428,19,447,671
4,29,TLAXCALA,2,TLAXCO DE MORELOS,34,TLAXCO,487,1,1,5,2,0,0,2,1,2,0,0,0,9,0,0,0,0,0,0,0,0,0,0,0,21,2,23,114
4,29,TLAXCALA,2,TLAXCO DE MORELOS,34,TLAXCO,488,2,2,39,38,0,145,8,62,6,538,0,0,5,1,0,0,0,0,0,0,0,0,0,0,842,33,875,1433
4,29,TLAXCALA,2,TLAXCO DE MORELOS,34,TLAXCO,489,1,1,4,3,0,34,1,5,0,33,0,0,1,0,0,0,0,0,0,0,0,0,0,0,81,0,81,111
4,29,TLAXCALA,2,TLAXCO DE MORELOS,34,TLAXCO,490,1,1,18,17,0,11,1,4,0,103,0,0,0,0,0,0,0,0,0,0,0,0,0,0,154,8,162,206
4,29,TLAXCALA,2,TLAXCO DE MORELOS,34,TLAXCO,491,4,4,383,72,0,252,33,86,11,922,0,0,10,8,0,0,0,0,0,0,0,0,0,16,1777,63,1856,2753
4,29,TLAXCALA,2,TLAXCO DE MORELOS,34,TLAXCO,492,1,1,89,9,0,35,1,18,1,131,0,0,3,2,0,0,0,0,0,0,0,0,0,0,289,11,300,391
4,29,TLAXCALA,2,TLAXCO DE MORELOS,34,TLAXCO,493,1,1,61,39,0,47,5,18,0,219,0,0,0,0,0,0,0,0,0,0,0,0,0,0,389,10,399,545
4,29,TLAXCALA,2,TLAXCO DE MORELOS,34,TLAXCO,494,2,2,35,13,0,162,8,46,21,261,0,0,3,3,0,0,0,0,0,0,0,0,0,0,552,27,579,899
4,29,TLAXCALA,2,TLAXCO DE MORELOS,34,TLAXCO,495,2,2,122,26,0,69,9,45,7,303,0,0,0,3,0,0,0,0,0,0,0,0,0,0,584,15,599,916
4,29,TLAXCALA,2,TLAXCO DE MORELOS,34,TLAXCO,496,1,1,110,15,0,60,4,19,1,253,0,0,1,3,0,0,0,0,0,0,0,0,0,0,466,28,494,706
4,29,TLAXCALA,2,TLAXCO DE MORELOS,34,TLAXCO,497,2,2,131,10,0,83,2,39,2,119,0,0,1,1,0,0,0,0,0,0,0,0,0,0,388,12,400,480
4,29,TLAXCALA,2,TLAXCO DE MORELOS,34,TLAXCO,498,2,2,49,7,0,26,4,19,2,174,0,0,2,2,0,0,0,0,0,0,0,0,0,0,285,19,304,377
4,29,TLAXCALA,2,TLAXCO DE MORELOS,34,TLAXCO,499,2,2,166,28,0,131,1,65,1,329,0,0,3,6,0,0,0,0,0,0,0,0,0,0,730,33,763,1018
4,29,TLAXCALA,2,TLAXCO DE MORELOS,34,TLAXCO,500,1,1,139,12,0,73,8,61,2,78,0,0,6,0,0,0,0,0,0,0,0,0,0,0,379,12,391,500
4,29,TLAXCALA,2,TLAXCO DE MORELOS,34,TLAXCO,501,2,2,162,22,0,238,18,95,26,464,0,0,12,0,0,0,0,0,0,0,0,0,0,0,1037,55,1092,1442
4,29,TLAXCALA,2,TLAXCO DE MORELOS,34,TLAXCO,502,1,1,85,13,0,42,2,24,2,123,0,0,2,0,0,0,0,0,0,0,0,0,0,0,293,13,306,369
4,29,TLAXCALA,2,TLAXCO DE MORELOS,34,TLAXCO,503,1,1,10,8,0,33,1,12,1,56,0,0,0,0,0,0,0,0,0,0,0,0,0,0,121,0,121,149
4,29,TLAXCALA,2,TLAXCO DE MORELOS,34,TLAXCO,504,1,1,9,13,0,19,18,12,9,85,0,0,0,0,0,0,0,0,0,0,0,0,0,0,165,6,171,225
4,29,TLAXCALA,10,HUAMANTLA,35,TOCATLAN,505,4,4,86,203,6,222,0,0,6,618,0,2,732,37,0,0,0,0,0,0,0,0,0,1,1912,46,1959,2659
4,29,TLAXCALA,10,HUAMANTLA,35,TOCATLAN,506,3,3,28,111,2,84,0,0,3,449,0,6,391,7,0,0,0,0,0,0,0,0,0,0,1081,30,1111,1566
4,29,TLAXCALA,10,HUAMANTLA,35,TOCATLAN,507,1,1,18,81,0,85,0,0,1,141,0,2,179,2,0,0,0,0,0,0,0,0,0,0,509,9,518,672
4,29,TLAXCALA,5,SAN NICOLAS PANOTLA,36,TOTOLAC,508,2,2,128,27,19,10,31,80,50,204,63,4,27,3,0,0,0,0,0,0,0,0,0,0,646,38,684,917
4,29,TLAXCALA,5,SAN NICOLAS PANOTLA,36,TOTOLAC,509,2,2,197,34,8,21,32,76,79,355,54,4,54,10,0,0,0,0,0,0,0,0,0,0,924,46,970,1275
4,29,TLAXCALA,5,SAN NICOLAS PANOTLA,36,TOTOLAC,510,2,2,188,28,9,10,26,57,78,319,16,4,100,16,0,0,0,0,0,0,0,0,0,0,851,38,889,1297
4,29,TLAXCALA,5,SAN NICOLAS PANOTLA,36,TOTOLAC,511,2,2,123,28,6,27,33,28,74,191,52,5,106,9,0,0,0,0,0,0,0,0,0,2,682,35,719,1000
4,29,TLAXCALA,5,SAN NICOLAS PANOTLA,36,TOTOLAC,512,3,3,321,49,13,37,31,90,86,394,78,12,88,14,0,0,0,0,0,0,0,0,0,0,1213,63,1276,1880
4,29,TLAXCALA,5,SAN NICOLAS PANOTLA,36,TOTOLAC,513,4,4,324,71,14,43,44,101,160,468,214,24,164,14,0,0,0,0,0,0,0,0,0,2,1641,82,1725,2415
4,29,TLAXCALA,5,SAN NICOLAS PANOTLA,36,TOTOLAC,514,2,2,116,39,7,23,36,53,70,332,43,3,24,6,0,0,0,0,0,0,0,0,0,0,752,39,791,1161
4,29,TLAXCALA,5,SAN NICOLAS PANOTLA,36,TOTOLAC,515,3,3,519,41,17,10,34,113,212,501,18,7,32,24,0,0,0,0,0,0,0,0,0,0,1528,46,1574,2197
4,29,TLAXCALA,5,SAN NICOLAS PANOTLA,36,TOTOLAC,516,3,3,551,43,35,9,74,148,83,432,22,11,43,17,0,0,0,0,0,0,0,0,0,0,1468,34,1502,2008
4,29,TLAXCALA,5,SAN NICOLAS PANOTLA,36,TOTOLAC,517,3,3,363,22,30,10,48,158,97,360,16,7,23,16,0,0,0,0,0,0,0,0,0,0,1150,32,1182,1668
4,29,TLAXCALA,5,SAN NICOLAS PANOTLA,36,TOTOLAC,518,3,3,419,42,21,27,55,136,83,337,26,24,63,15,0,0,0,0,0,0,0,0,0,0,1248,35,1283,1805
4,29,TLAXCALA,5,SAN NICOLAS PANOTLA,36,TOTOLAC,519,2,2,184,27,5,12,29,39,35,202,11,5,17,2,0,0,0,0,0,0,0,0,0,0,568,19,587,834
4,29,TLAXCALA,10,HUAMANTLA,37,ZITLALTEPEC DE TRINIDAD SANCHEZ SANTOS,520,3,3,13,18,0,210,6,476,1,359,10,5,0,0,0,0,0,0,0,0,0,0,0,0,1098,58,1156,1580
4,29,TLAXCALA,10,HUAMANTLA,37,ZITLALTEPEC DE TRINIDAD SANCHEZ SANTOS,521,2,2,3,17,0,180,7,319,1,233,4,3,0,0,0,0,0,0,0,0,0,0,0,1,767,38,806,1127
4,29,TLAXCALA,10,HUAMANTLA,37,ZITLALTEPEC DE TRINIDAD SANCHEZ SANTOS,522,2,2,3,29,0,186,14,347,3,321,4,10,0,0,0,0,0,0,0,0,0,0,0,0,917,45,962,1363
4,29,TLAXCALA,10,HUAMANTLA,37,ZITLALTEPEC DE TRINIDAD SANCHEZ SANTOS,523,2,2,4,21,0,133,6,422,2,252,3,2,0,0,0,0,0,0,0,0,0,0,0,0,845,46,891,1272
4,29,TLAXCALA,10,HUAMANTLA,37,ZITLALTEPEC DE TRINIDAD SANCHEZ SANTOS,524,1,1,9,24,0,87,10,132,4,154,21,12,0,0,0,0,0,0,0,0,0,0,0,13,453,26,492,637
4,29,TLAXCALA,10,HUAMANTLA,37,ZITLALTEPEC DE TRINIDAD SANCHEZ SANTOS,525,2,2,7,16,0,87,47,223,2,380,4,7,0,0,0,0,0,0,0,0,0,0,0,0,773,25,798,983
4,29,TLAXCALA,10,HUAMANTLA,37,ZITLALTEPEC DE TRINIDAD SANCHEZ SANTOS,526,1,1,2,0,0,30,2,19,0,21,1,0,0,0,0,0,0,0,0,0,0,0,0,0,75,6,81,174
4,29,TLAXCALA,8,SAN BERNARDINO CONTLA,38,TZOMPANTEPEC,529,3,3,7,21,49,106,14,61,603,201,9,170,2,1,0,0,0,0,0,0,0,0,0,0,1244,55,1299,1633
4,29,TLAXCALA,8,SAN BERNARDINO CONTLA,38,TZOMPANTEPEC,530,2,2,7,5,105,91,12,76,289,177,2,221,0,0,0,0,0,0,0,0,0,0,0,0,985,23,1008,1460
4,29,TLAXCALA,8,SAN BERNARDINO CONTLA,38,TZOMPANTEPEC,536,2,2,1,8,28,68,13,38,208,196,1,42,3,0,0,0,0,0,0,0,0,0,0,1,606,30,637,788
4,29,TLAXCALA,8,SAN BERNARDINO CONTLA,38,TZOMPANTEPEC,537,1,1,0,0,11,13,2,4,76,36,5,60,1,7,0,0,0,0,0,0,0,0,0,0,215,8,223,283
4,29,TLAXCALA,8,SAN BERNARDINO CONTLA,38,TZOMPANTEPEC,613,4,4,61,50,44,28,76,142,412,253,38,303,17,2,0,0,0,0,0,0,0,0,0,0,1426,89,1515,2403
4,29,TLAXCALA,8,SAN BERNARDINO CONTLA,38,TZOMPANTEPEC,614,3,3,15,23,68,201,95,172,241,261,46,314,18,1,0,0,0,0,0,0,0,0,0,2,1455,59,1516,2196
4,29,TLAXCALA,8,SAN BERNARDINO CONTLA,38,TZOMPANTEPEC,615,3,3,52,36,33,45,125,140,268,276,67,253,14,2,0,0,0,0,0,0,0,0,0,0,1311,77,1388,2221
4,29,TLAXCALA,8,SAN BERNARDINO CONTLA,38,TZOMPANTEPEC,616,3,3,15,22,30,267,29,163,308,248,18,326,11,10,0,0,0,0,0,0,0,0,0,1,1447,67,1515,2054
4,29,TLAXCALA,3,SANTIAGO TETLA,39,XALOZTOC,538,4,4,324,32,28,291,0,129,10,376,534,0,13,0,0,0,0,0,0,0,0,0,0,0,1737,50,1787,2565
4,29,TLAXCALA,3,SANTIAGO TETLA,39,XALOZTOC,539,4,4,507,99,32,237,0,168,3,333,311,0,15,0,0,0,0,0,0,0,0,0,0,1,1705,60,1766,2288
4,29,TLAXCALA,3,SANTIAGO TETLA,39,XALOZTOC,540,5,5,734,42,60,478,0,214,18,584,363,0,18,0,0,0,0,0,0,0,0,0,0,3,2511,47,2561,3712
4,29,TLAXCALA,3,SANTIAGO TETLA,39,XALOZTOC,541,5,5,550,71,48,318,0,131,13,563,339,0,31,0,0,0,0,0,0,0,0,0,0,1,2064,62,2127,3007
4,29,TLAXCALA,3,SANTIAGO TETLA,39,XALOZTOC,542,4,4,244,25,71,358,0,360,4,452,306,0,37,0,0,0,0,0,0,0,0,0,0,0,1857,57,1914,2788
4,29,TLAXCALA,3,SANTIAGO TETLA,39,XALOZTOC,543,4,4,433,29,30,307,0,249,8,344,204,0,14,0,0,0,0,0,0,0,0,0,0,1,1618,58,1677,2348
4,29,TLAXCALA,3,SANTIAGO TETLA,39,XALOZTOC,544,1,1,132,19,8,82,0,39,4,176,84,0,8,0,0,0,0,0,0,0,0,0,0,0,552,10,562,705
4,29,TLAXCALA,3,SANTIAGO TETLA,39,XALOZTOC,545,1,1,121,12,12,72,0,40,0,101,106,0,12,0,0,0,0,0,0,0,0,0,0,0,476,18,494,693
4,29,TLAXCALA,3,SANTIAGO TETLA,39,XALOZTOC,546,2,2,87,12,7,247,0,58,3,130,103,0,11,0,0,0,0,0,0,0,0,0,0,0,658,14,672,863
4,29,TLAXCALA,5,SAN NICOLAS PANOTLA,40,XALTOCAN,547,2,2,13,70,85,169,123,3,89,78,0,0,263,0,0,0,0,0,0,0,0,0,0,0,893,28,921,1291
4,29,TLAXCALA,5,SAN NICOLAS PANOTLA,40,XALTOCAN,548,3,3,13,87,143,143,482,8,166,153,2,8,227,0,0,0,0,0,0,0,0,0,0,1,1432,76,1509,2153
4,29,TLAXCALA,5,SAN NICOLAS PANOTLA,40,XALTOCAN,549,3,3,42,171,51,51,386,1,29,131,4,2,176,0,0,0,0,0,0,0,0,0,0,1,1044,53,1098,1612
4,29,TLAXCALA,5,SAN NICOLAS PANOTLA,40,XALTOCAN,550,2,2,44,56,68,32,249,5,20,73,1,2,129,0,0,0,0,0,0,0,0,0,0,0,679,42,721,999
4,29,TLAXCALA,5,SAN NICOLAS PANOTLA,40,XALTOCAN,553,1,1,4,28,33,4,74,0,37,15,0,0,44,0,0,0,0,0,0,0,0,0,0,0,239,0,239,362
4,29,TLAXCALA,5,SAN NICOLAS PANOTLA,40,XALTOCAN,554,1,1,2,30,14,16,54,0,5,19,0,0,32,0,0,0,0,0,0,0,0,0,0,0,172,5,177,230
4,29,TLAXCALA,5,SAN NICOLAS PANOTLA,40,XALTOCAN,555,1,1,34,27,40,70,128,5,11,129,0,0,102,0,0,0,0,0,0,0,0,0,0,0,546,26,572,748
4,29,TLAXCALA,5,SAN NICOLAS PANOTLA,40,XALTOCAN,556,2,2,22,26,53,69,117,0,84,77,1,5,152,0,0,0,0,0,0,0,0,0,0,0,606,24,630,880
4,29,TLAXCALA,5,SAN NICOLAS PANOTLA,40,XALTOCAN,557,2,2,18,146,27,11,202,3,7,55,0,9,101,0,0,0,0,0,0,0,0,0,0,0,579,25,604,797
4,29,TLAXCALA,14,SAN FRANCISCO PAPALOTLA,41,PAPALOTLA DE XICOHTENCATL,558,4,4,30,532,115,23,337,187,41,414,113,85,11,13,0,0,0,0,0,0,0,0,0,0,1901,61,1962,2611
4,29,TLAXCALA,14,SAN FRANCISCO PAPALOTLA,41,PAPALOTLA DE XICOHTENCATL,559,3,3,17,364,165,16,326,143,29,247,29,69,4,11,0,0,0,0,0,0,0,0,0,1,1420,56,1477,1897
4,29,TLAXCALA,14,SAN FRANCISCO PAPALOTLA,41,PAPALOTLA DE XICOHTENCATL,560,4,4,10,450,384,24,308,194,30,364,69,166,12,2,0,0,0,0,0,0,0,0,0,0,2013,73,2086,2953
4,29,TLAXCALA,14,SAN FRANCISCO PAPALOTLA,41,PAPALOTLA DE XICOHTENCATL,561,4,4,27,404,426,28,400,117,43,328,33,65,8,13,0,0,0,0,0,0,0,0,0,1,1892,56,1949,2710
4,29,TLAXCALA,14,SAN FRANCISCO PAPALOTLA,41,PAPALOTLA DE XICOHTENCATL,562,4,4,30,385,202,25,369,141,31,347,58,60,14,13,0,0,0,0,0,0,0,0,0,0,1675,53,1728,2452
4,29,TLAXCALA,14,SAN FRANCISCO PAPALOTLA,41,PAPALOTLA DE XICOHTENCATL,563,4,4,49,328,121,18,240,466,35,237,43,57,13,12,0,0,0,0,0,0,0,0,0,0,1619,70,1689,2311
4,29,TLAXCALA,14,SAN FRANCISCO PAPALOTLA,41,PAPALOTLA DE XICOHTENCATL,564,3,3,55,296,78,54,188,267,18,380,60,33,8,4,0,0,0,0,0,0,0,0,0,0,1441,59,1500,2208
4,29,TLAXCALA,14,SAN FRANCISCO PAPALOTLA,41,PAPALOTLA DE XICOHTENCATL,565,3,3,38,166,38,41,120,213,7,376,22,28,9,6,0,0,0,0,0,0,0,0,0,3,1064,55,1122,1727
4,29,TLAXCALA,14,SAN FRANCISCO PAPALOTLA,41,PAPALOTLA DE XICOHTENCATL,566,3,3,12,319,106,23,153,89,11,290,21,85,5,5,0,0,0,0,0,0,0,0,0,0,1119,85,1204,1528
4,29,TLAXCALA,14,SAN FRANCISCO PAPALOTLA,41,PAPALOTLA DE XICOHTENCATL,567,3,3,17,236,78,16,169,74,12,203,29,86,8,6,0,0,0,0,0,0,0,0,0,0,934,79,1013,1532
4,29,TLAXCALA,14,SAN FRANCISCO PAPALOTLA,41,PAPALOTLA DE XICOHTENCATL,568,3,3,26,112,151,53,176,103,8,331,24,37,21,3,0,0,0,0,0,0,0,0,0,0,1045,58,1103,1647
4,29,TLAXCALA,14,SAN FRANCISCO PAPALOTLA,41,PAPALOTLA DE XICOHTENCATL,569,2,2,13,151,121,22,147,43,9,165,13,24,6,0,0,0,0,0,0,0,0,0,0,0,714,38,752,1215
4,29,TLAXCALA,14,SAN FRANCISCO PAPALOTLA,42,XICOHTZINCO,570,4,4,32,65,25,375,84,143,78,492,316,0,1,5,0,0,0,0,0,0,0,280,185,0,2081,65,2146,2974
4,29,TLAXCALA,14,SAN FRANCISCO PAPALOTLA,42,XICOHTZINCO,571,3,3,22,34,12,217,50,88,25,215,173,0,3,4,0,0,0,0,0,0,0,358,108,0,1309,37,1346,1806
4,29,TLAXCALA,14,SAN FRANCISCO PAPALOTLA,42,XICOHTZINCO,572,3,3,17,35,16,218,101,78,33,167,288,0,1,1,0,0,0,0,0,0,0,327,124,0,1406,26,1432,1927
4,29,TLAXCALA,14,SAN FRANCISCO PAPALOTLA,42,XICOHTZINCO,573,3,3,31,31,20,171,32,107,27,209,232,0,5,4,0,0,0,0,0,0,0,281,256,2,1406,43,1451,1995
4,29,TLAXCALA,14,SAN FRANCISCO PAPALOTLA,42,XICOHTZINCO,574,5,5,45,46,52,403,96,137,75,304,392,0,6,0,0,0,0,0,0,0,0,310,361,1,2227,65,2293,3262
4,29,TLAXCALA,2,TLAXCO DE MORELOS,43,YAUHQUEMEHCAN,575,4,4,210,35,226,131,0,208,421,291,37,15,0,6,0,0,0,0,0,0,0,0,0,0,1580,51,1631,2438
4,29,TLAXCALA,2,TLAXCO DE MORELOS,43,YAUHQUEMEHCAN,576,3,3,151,19,265,73,0,124,312,278,37,11,0,11,0,0,0,0,0,0,0,0,0,1,1281,40,1322,1901
4,29,TLAXCALA,2,TLAXCO DE MORELOS,43,YAUHQUEMEHCAN,577,2,2,61,23,99,28,0,47,133,107,51,6,0,3,0,0,0,0,0,0,0,0,0,0,558,39,597,809
4,29,TLAXCALA,2,TLAXCO DE MORELOS,43,YAUHQUEMEHCAN,578,2,2,95,37,70,67,0,20,179,110,9,6,0,6,0,0,0,0,0,0,0,0,0,0,599,18,617,786
4,29,TLAXCALA,2,TLAXCO DE MORELOS,43,YAUHQUEMEHCAN,579,2,2,145,22,78,80,0,36,393,170,15,28,0,3,0,0,0,0,0,0,0,0,0,0,970,23,993,1401
4,29,TLAXCALA,2,TLAXCO DE MORELOS,43,YAUHQUEMEHCAN,580,4,4,290,33,84,121,0,250,285,391,42,18,0,5,0,0,0,0,0,0,0,0,0,0,1519,61,1580,2829
4,29,TLAXCALA,2,TLAXCO DE MORELOS,43,YAUHQUEMEHCAN,581,6,6,331,87,128,230,0,249,372,667,78,41,0,9,0,0,0,0,0,0,0,0,0,2,2192,98,2292,4039
4,29,TLAXCALA,2,TLAXCO DE MORELOS,43,YAUHQUEMEHCAN,583,5,5,282,80,123,192,0,242,366,533,75,28,0,12,0,0,0,0,0,0,0,0,0,0,1933,63,1996,3414
4,29,TLAXCALA,2,TLAXCO DE MORELOS,43,YAUHQUEMEHCAN,584,3,3,151,19,27,109,0,63,122,381,18,7,0,2,0,0,0,0,0,0,0,0,0,0,899,44,943,1609
4,29,TLAXCALA,2,TLAXCO DE MORELOS,43,YAUHQUEMEHCAN,585,5,5,526,93,130,329,0,253,265,500,33,23,0,11,0,0,0,0,0,0,0,0,0,0,2163,73,2236,3171
4,29,TLAXCALA,2,TLAXCO DE MORELOS,43,YAUHQUEMEHCAN,617,1,1,94,12,33,9,0,15,35,79,24,14,0,4,0,0,0,0,0,0,0,0,0,0,319,10,329,454
4,29,TLAXCALA,2,TLAXCO DE MORELOS,43,YAUHQUEMEHCAN,642,2,2,87,15,84,190,0,181,211,144,7,14,0,5,0,0,0,0,0,0,0,0,0,0,938,45,983,1496
4,29,TLAXCALA,2,TLAXCO DE MORELOS,43,YAUHQUEMEHCAN,643,3,3,195,23,46,118,0,166,208,220,17,15,0,11,0,0,0,0,0,0,0,0,0,1,1019,46,1066,1782
4,29,TLAXCALA,2,TLAXCO DE MORELOS,43,YAUHQUEMEHCAN,644,3,3,130,27,48,245,0,230,193,260,25,28,0,79,0,0,0,0,0,0,0,0,0,0,1265,45,1310,2086
4,29,TLAXCALA,13,ZACATELCO,44,ZACATELCO,588,2,2,72,56,2,153,31,25,196,202,151,18,52,11,0,0,0,0,0,0,0,0,0,0,969,86,1055,1374
4,29,TLAXCALA,13,ZACATELCO,44,ZACATELCO,589,4,4,138,154,9,250,41,78,420,231,227,56,42,7,0,0,0,0,0,0,0,0,0,1,1653,103,1757,2416
4,29,TLAXCALA,13,ZACATELCO,44,ZACATELCO,590,6,6,237,122,9,485,80,137,635,380,304,111,140,16,0,0,0,0,0,0,0,0,0,1,2656,145,2802,3855
4,29,TLAXCALA,13,ZACATELCO,44,ZACATELCO,591,4,4,128,145,4,241,46,56,552,314,254,44,66,14,0,0,0,0,0,0,0,0,0,0,1864,84,1948,2682
4,29,TLAXCALA,13,ZACATELCO,44,ZACATELCO,592,6,6,184,98,12,511,52,85,697,376,409,56,158,87,0,0,0,0,0,0,0,0,0,1,2725,188,2914,4029
4,29,TLAXCALA,13,ZACATELCO,44,ZACATELCO,593,4,4,153,130,0,222,29,28,435,238,306,27,117,15,0,0,0,0,0,0,0,0,0,0,1700,110,1810,2487
4,29,TLAXCALA,13,ZACATELCO,44,ZACATELCO,594,4,4,138,86,3,305,48,56,552,235,155,74,81,9,0,0,0,0,0,0,0,0,0,1,1742,92,1835,2522
4,29,TLAXCALA,13,ZACATELCO,44,ZACATELCO,595,4,4,103,76,2,271,52,39,511,278,193,45,107,6,0,0,0,0,0,0,0,0,0,0,1683,108,1791,2385
4,29,TLAXCALA,13,ZACATELCO,44,ZACATELCO,596,2,2,58,54,4,144,22,18,347,107,99,20,155,14,0,0,0,0,0,0,0,0,0,1,1042,51,1094,1377
4,29,TLAXCALA,13,ZACATELCO,44,ZACATELCO,597,3,3,81,73,0,240,30,37,400,155,100,10,213,8,0,0,0,0,0,0,0,0,0,1,1347,120,1468,1875
4,29,TLAXCALA,13,ZACATELCO,44,ZACATELCO,598,4,4,131,79,8,195,73,50,502,226,186,23,171,10,0,0,0,0,0,0,0,0,0,0,1654,84,1738,2358
4,29,TLAXCALA,13,ZACATELCO,44,ZACATELCO,599,6,6,147,91,3,281,100,46,695,299,208,45,178,12,0,0,0,0,0,0,0,0,0,0,2105,104,2209,3079
4,29,TLAXCALA,13,ZACATELCO,44,ZACATELCO,600,5,5,170,126,2,471,56,40,981,362,302,47,124,19,0,0,0,0,0,0,0,0,0,0,2700,120,2820,3650
4,29,TLAXCALA,13,ZACATELCO,44,ZACATELCO,601,4,4,76,67,1,347,53,31,791,343,179,30,173,10,0,0,0,0,0,0,0,0,0,0,2101,69,2170,2893
4,29,TLAXCALA,13,ZACATELCO,45,SANTA APOLONIA TEACALCO,316,3,3,0,1,542,281,134,1,27,256,3,0,264,0,0,0,0,0,0,0,0,0,0,0,1509,48,1557,1879
4,29,TLAXCALA,13,ZACATELCO,45,SANTA APOLONIA TEACALCO,317,3,3,0,3,673,301,167,1,54,272,4,0,229,0,0,0,0,0,0,0,0,0,0,0,1704,51,1755,2079
4,29,TLAXCALA,14,SAN FRANCISCO PAPALOTLA,46,SANTA CRUZ QUILEHTLA,313,3,3,0,0,94,151,0,3,0,278,390,0,588,0,0,0,0,0,0,0,0,0,0,1,1504,51,1556,2043
4,29,TLAXCALA,14,SAN FRANCISCO PAPALOTLA,46,SANTA CRUZ QUILEHTLA,314,3,3,0,0,47,156,0,1,0,339,366,0,533,0,0,0,0,0,0,0,0,0,0,0,1442,44,1486,2022
4,29,TLAXCALA,14,SAN FRANCISCO PAPALOTLA,46,SANTA CRUZ QUILEHTLA,315,3,3,0,0,17,1119,0,0,0,52,62,0,7,0,0,0,0,0,0,0,0,0,0,0,1257,56,1313,1647
4,29,TLAXCALA,12,SAN LUIS TEOLOCHOLCO,47,SAN JUAN HUACTZINCO,395,5,5,3,8,59,176,5,791,37,515,823,77,79,0,0,0,0,0,0,0,0,0,0,4,2573,82,2659,3269
4,29,TLAXCALA,12,SAN LUIS TEOLOCHOLCO,47,SAN JUAN HUACTZINCO,396,4,4,5,2,44,138,6,721,10,466,507,78,55,0,0,0,0,0,0,0,0,0,0,0,2032,63,2095,2625
4,29,TLAXCALA,14,SAN FRANCISCO PAPALOTLA,48,SANTA CATARINA AYOMETLA,602,3,3,61,0,433,139,29,219,47,109,600,0,5,0,0,0,0,0,0,0,0,0,0,1,1642,44,1687,2084
4,29,TLAXCALA,14,SAN FRANCISCO PAPALOTLA,48,SANTA CATARINA AYOMETLA,603,2,2,12,0,688,70,14,56,21,68,200,2,9,0,0,0,0,0,0,0,0,0,0,0,1140,44,1184,1460
4,29,TLAXCALA,14,SAN FRANCISCO PAPALOTLA,48,SANTA CATARINA AYOMETLA,604,4,4,102,0,622,343,49,268,48,195,645,7,1,0,0,0,0,0,0,0,0,0,0,0,2280,81,2361,2900
4,29,TLAXCALA,14,SAN FRANCISCO PAPALOTLA,48,SANTA CATARINA AYOMETLA,605,2,2,55,0,250,77,18,155,38,86,291,3,1,0,0,0,0,0,0,0,0,0,0,0,974,40,1014,1255
4,29,TLAXCALA,12,SAN LUIS TEOLOCHOLCO,49,SANTA ISABEL XILOXOXTLA,391,3,3,5,286,243,42,0,227,284,152,0,299,101,4,0,0,0,0,0,0,0,0,0,0,1643,74,1717,2032
4,29,TLAXCALA,12,SAN LUIS TEOLOCHOLCO,49,SANTA ISABEL XILOXOXTLA,392,3,3,4,187,214,27,0,217,183,160,0,194,140,10,0,0,0,0,0,0,0,0,0,0,1336,75,1411,1689
4,29,TLAXCALA,8,SAN BERNARDINO CONTLA,50,SAN JOSE TEACALCO,531,2,2,8,60,83,234,147,43,55,251,63,48,17,4,0,0,0,0,0,0,0,0,0,0,1013,19,1032,1374
4,29,TLAXCALA,8,SAN BERNARDINO CONTLA,50,SAN JOSE TEACALCO,532,2,2,13,51,24,138,145,12,42,119,32,8,0,2,0,0,0,0,0,0,0,0,0,0,586,14,600,812
4,29,TLAXCALA,8,SAN BERNARDINO CONTLA,50,SAN JOSE TEACALCO,533,1,1,12,49,58,114,71,9,23,98,17,28,13,7,0,0,0,0,0,0,0,0,0,0,499,24,523,665
4,29,TLAXCALA,8,SAN BERNARDINO CONTLA,50,SAN JOSE TEACALCO,534,2,2,19,91,80,132,169,16,36,238,77,15,6,6,0,0,0,0,0,0,0,0,0,0,885,19,904,1242
4,29,TLAXCALA,8,SAN BERNARDINO CONTLA,50,SAN JOSE TEACALCO,535,1,1,3,79,17,59,71,2,20,158,33,15,6,10,0,0,0,0,0,0,0,0,0,0,473,18,491,676
4,29,TLAXCALA,12,SAN LUIS TEOLOCHOLCO,51,SAN FRANCISCO TETLANOHCAN,158,5,5,24,98,166,383,510,177,337,289,163,73,278,4,0,0,0,0,0,0,0,0,0,2,2502,97,2601,3442
4,29,TLAXCALA,12,SAN LUIS TEOLOCHOLCO,51,SAN FRANCISCO TETLANOHCAN,159,4,4,18,42,143,214,346,139,235,220,99,78,254,2,0,0,0,0,0,0,0,0,0,1,1790,89,1880,2583
4,29,TLAXCALA,12,SAN LUIS TEOLOCHOLCO,51,SAN FRANCISCO TETLANOHCAN,160,4,4,19,149,160,279,425,236,206,226,106,59,335,2,0,0,0,0,0,0,0,0,0,0,2202,111,2313,2984
4,29,TLAXCALA,9,SANTA ANA CHIAUTEMPAN,52,LA MAGDALENA TLALTELULCO,151,8,8,913,110,33,73,787,601,14,328,149,29,1262,0,0,0,0,0,0,0,0,0,0,0,4299,156,4455,5693
4,29,TLAXCALA,9,SANTA ANA CHIAUTEMPAN,52,LA MAGDALENA TLALTELULCO,152,5,5,594,61,62,34,463,695,5,143,104,10,551,0,0,0,0,0,0,0,0,0,0,0,2722,78,2800,3546
4,29,TLAXCALA,9,SANTA ANA CHIAUTEMPAN,52,LA MAGDALENA TLALTELULCO,153,3,3,150,19,10,19,277,111,3,72,392,6,253,0,0,0,0,0,0,0,0,0,0,0,1312,39,1351,1701
4,29,TLAXCALA,9,SANTA ANA CHIAUTEMPAN,52,LA MAGDALENA TLALTELULCO,154,3,3,255,19,5,24,304,193,3,190,94,8,379,0,0,0,0,0,0,0,0,0,0,0,1474,68,1542,2048
4,29,TLAXCALA,9,SANTA ANA CHIAUTEMPAN,52,LA MAGDALENA TLALTELULCO,155,3,3,320,21,10,40,391,124,3,160,209,4,354,0,0,0,0,0,0,0,0,0,0,0,1636,77,1713,2183
4,29,TLAXCALA,12,SAN LUIS TEOLOCHOLCO,53,SAN DAMIAN TEXOLOC,429,4,4,32,88,16,417,0,7,386,676,4,4,0,7,0,0,0,0,0,0,0,0,0,0,1637,27,1664,2271
4,29,TLAXCALA,12,SAN LUIS TEOLOCHOLCO,53,SAN DAMIAN TEXOLOC,430,4,4,52,133,25,401,0,3,532,790,8,4,0,4,0,0,0,0,0,0,0,0,0,1,1952,30,1983,2630
4,29,TLAXCALA,3,SANTIAGO TETLA,54,EMILIANO ZAPATA,400,1,1,1,13,0,0,15,39,1,22,0,0,1,0,0,0,0,0,0,0,0,0,0,0,92,5,97,112
4,29,TLAXCALA,3,SANTIAGO TETLA,54,EMILIANO ZAPATA,401,1,1,2,59,0,0,59,6,1,28,0,0,2,3,0,0,0,0,0,0,0,0,0,0,160,4,164,188
4,29,TLAXCALA,3,SANTIAGO TETLA,54,EMILIANO ZAPATA,607,4,4,50,837,0,10,494,230,2,294,2,0,17,47,0,0,0,0,0,0,0,0,0,5,1983,83,2071,2482
4,29,TLAXCALA,3,SANTIAGO TETLA,54,EMILIANO ZAPATA,608,2,2,2,76,0,4,88,430,1,77,1,0,3,2,0,0,0,0,0,0,0,0,0,0,684,12,696,842
4,29,TLAXCALA,3,SANTIAGO TETLA,55,LAZARO CARDENAS,402,1,1,4,0,38,65,72,28,34,0,4,0,0,1,0,0,0,0,0,0,0,0,0,0,246,6,252,316
4,29,TLAXCALA,3,SANTIAGO TETLA,55,LAZARO CARDENAS,606,4,4,23,3,375,564,487,147,106,13,10,0,0,1,0,0,0,0,0,0,0,0,0,0,1729,57,1786,2273
4,29,TLAXCALA,12,SAN LUIS TEOLOCHOLCO,56,SAN JERONIMO ZACUALPAN,432,2,2,0,0,0,501,0,87,52,561,2,0,0,0,0,0,0,0,0,0,0,0,0,0,1203,15,1218,1445
4,29,TLAXCALA,12,SAN LUIS TEOLOCHOLCO,56,SAN JERONIMO ZACUALPAN,433,3,3,0,0,0,633,0,177,59,642,2,0,0,0,0,0,0,0,0,0,0,0,0,0,1513,29,1542,1831
4,29,TLAXCALA,6,IXTACUIXTLA DE MARIANO MATAMOROS,57,SAN LUCAS TECOPILCO,551,3,3,0,0,0,0,523,0,0,126,161,227,0,0,14,4,16,1,0,0,0,0,0,0,1072,39,1111,1599
4,29,TLAXCALA,6,IXTACUIXTLA DE MARIANO MATAMOROS,57,SAN LUCAS TECOPILCO,552,2,2,0,0,0,0,290,0,0,95,121,119,0,0,5,2,13,1,0,0,0,0,0,0,646,24,670,1020
4,29,TLAXCALA,13,ZACATELCO,58,SANTA ANA NOPALUCAN,254,5,5,12,5,415,677,0,5,517,149,553,0,0,0,0,0,0,0,0,0,0,0,0,2,2333,78,2413,3179
4,29,TLAXCALA,13,ZACATELCO,58,SANTA ANA NOPALUCAN,255,5,5,4,4,456,634,0,10,441,130,475,0,0,0,0,0,0,0,0,0,0,0,0,0,2154,95,2249,3158
4,29,TLAXCALA,13,ZACATELCO,59,SAN LORENZO AXOCOMANITLA,586,3,3,3,11,3,527,0,478,83,695,2,2,3,3,0,0,0,0,0,0,0,0,0,0,1810,69,1879,2240
4,29,TLAXCALA,13,ZACATELCO,59,SAN LORENZO AXOCOMANITLA,587,3,3,1,13,2,484,0,529,53,529,8,3,4,2,0,0,0,0,0,0,0,0,0,0,1628,64,1692,2029
4,29,TLAXCALA,1,SAN ANTONIO CALPULALPAN,60,BENITO JUAREZ,295,5,5,5,10,9,1065,0,5,15,693,9,134,0,2,0,0,0,0,0,0,0,0,0,0,1947,75,2022,3029
4,29,TLAXCALA,1,SAN ANTONIO CALPULALPAN,60,BENITO JUAREZ,296,3,3,2,4,5,694,0,4,1,432,1,58,1,0,0,0,0,0,0,0,0,0,0,0,1202,38,1240,1872
4,29,TLAXCALA,1,SAN ANTONIO CALPULALPAN,60,BENITO JUAREZ,645,1,1,1,1,4,181,0,0,3,131,0,19,0,0,0,0,0,0,0,0,0,0,0,0,340,7,347,528
