ID_ESTADO,NOMBRE_ESTADO,ID_MUNICIPIO,MUNICIPIO,SECCIONES,CASILLAS,ACTAS_CASILLA-MEC,PAN,PRI,PRD,PT,PVEM,MC,MORENA,PESM,MM,MICH1,TMX,CAND_IND1,CAND_IND2,CAND_IND3,CAND_IND4,CAND_IND5,CAND_IND6,PT_PVEM_MORENA,PT_PVEM,PT_MORENA,PVEM_MORENA,C_PAN_PRI_PRD,C_PAN_PRI,C_PAN_PRD,C_PRI_PRD,C_PRD_PESM,C_PT_PVEM,C_PT_MORENA,C_PT_PESM,C_PVEM_MORENA,NUM_VOTOS_VALIDOS,NUM_VOTOS_CAN_NREG,NUM_VOTOS_NULOS,TOTAL_VOTOS,LISTA_NOMINAL,RUTA_ACTA
16,MICHOACAN,1,ACUITZIO,14,21,21,578,188,127,1224,61,27,370,337,2272,,343,,,,,,,165,31,52,13,,175,,,,,,,,5963,2,282,6247,9507,https://iem.org.mx/documentos/proceso_electoral_2023_2024/Actas%20de%20Computo/ACTAS%20DE%20C%C3%93MPUTO%20MUNICIPALES/19%20Tac%C3%A1mbaro/Acuitzio.pdf
16,MICHOACAN,2,AGUILILLA,11,20,20,31,107,34,172,2558,,798,,,,,,,,,,,,,,,22,5,1,,,,99,,,3827,1,337,4165,11009,https://iem.org.mx/documentos/proceso_electoral_2023_2024/Actas%20de%20Computo/ACTAS%20DE%20C%C3%93MPUTO%20MUNICIPALES/21%20Coalcom%C3%A1n/Aguililla.pdf
16,MICHOACAN,3,ALVARO OBREGON,12,30,30,217,1923,157,2018,411,2424,856,2132,112,,,,,,,,,,,,,177,33,6,5,,,,,,10471,0,438,10909,17690,https://iem.org.mx/documentos/proceso_electoral_2023_2024/Actas%20de%20Computo/ACTAS%20DE%20C%C3%93MPUTO%20MUNICIPALES/08%20Tar%C3%ADmbaro/%C3%81lvaro%20Obreg%C3%B3n%20.pdf
16,MICHOACAN,4,ANGAMACUTIRO,13,25,26,173,2395,514,248,625,,2802,,,,34,,,,,,,565,36,52,92,427,35,10,39,,,,,,8047,0,216,8263,13064,https://iem.org.mx/documentos/proceso_electoral_2023_2024/Actas%20de%20Computo/ACTAS%20DE%20C%C3%93MPUTO%20MUNICIPALES/02%20Puru%C3%A1ndiro/Angamacutiro.pdf
16,MICHOACAN,5,ANGANGUEO,6,13,13,51,813,97,1529,112,1166,572,21,7,,,,,,,,,304,91,89,44,,123,,,7,,,,,5026,0,240,5266,8327,https://iem.org.mx/documentos/proceso_electoral_2023_2024/Actas%20de%20Computo/ACTAS%20DE%20C%C3%93MPUTO%20MUNICIPALES/13%20Zit%C3%A1cuaro/Angangueo.pdf
16,MICHOACAN,6,APATZINGAN,78,172,173,1835,3071,2928,1288,1515,10858,13743,306,,282,119,,,,,,,1271,143,217,254,648,72,42,47,,,,,,38639,14,1464,40117,95323,https://iem.org.mx/documentos/proceso_electoral_2023_2024/Actas%20de%20Computo/ACTAS%20DE%20C%C3%93MPUTO%20MUNICIPALES/23%20Apatzing%C3%A1n/Apatzing%C3%A1n.pdf
16,MICHOACAN,7,APORO,4,6,6,,,346,24,4,805,114,20,14,,704,,,,,,,18,1,1,1,,,,,57,,,,,2109,0,89,2198,3021,https://iem.org.mx/documentos/proceso_electoral_2023_2024/Actas%20de%20Computo/ACTAS%20DE%20C%C3%93MPUTO%20MUNICIPALES/03%20Maravat%C3%ADo/Aporo.pdf
16,MICHOACAN,8,AQUILA,11,30,30,44,151,345,122,9683,,424,,,,,,,,,,,,,,,8,1,,1,,,,,,10779,12,752,11543,17259,https://iem.org.mx/documentos/proceso_electoral_2023_2024/Actas%20de%20Computo/ACTAS%20DE%20C%C3%93MPUTO%20MUNICIPALES/21%20Coalcom%C3%A1n/Aquila.pdf
16,MICHOACAN,9,ARIO,21,48,48,3788,797,395,394,3311,4814,1276,,,131,33,,,,,,,605,123,38,143,,802,,,,,,,,16650,4,696,17350,29061,https://iem.org.mx/documentos/proceso_electoral_2023_2024/Actas%20de%20Computo/ACTAS%20DE%20C%C3%93MPUTO%20MUNICIPALES/19%20Tac%C3%A1mbaro/Ario.pdf
16,MICHOACAN,10,ARTEAGA,14,35,35,158,773,291,669,234,192,3709,43,,,,,,,,,,408,40,85,44,,21,,,,,,,,6667,15,581,7263,16367,https://iem.org.mx/documentos/proceso_electoral_2023_2024/Actas%20de%20Computo/ACTAS%20DE%20C%C3%93MPUTO%20MUNICIPALES/22%20M%C3%BAgica/Arteaga.pdf
16,MICHOACAN,11,BRISENAS,6,12,12,362,1028,58,15,170,1527,816,,,,,,,,,,,,,,,,,,112,,,,,157,4245,1,129,4375,6648,https://iem.org.mx/documentos/proceso_electoral_2023_2024/Actas%20de%20Computo/ACTAS%20DE%20C%C3%93MPUTO%20MUNICIPALES/04%20Jiquilpan/Brise%C3%B1as.pdf
16,MICHOACAN,12,BUENAVISTA,22,55,56,436,3547,1641,374,320,,3200,49,,70,2379,,,,,,,221,36,40,55,,,,,21,,,,,12389,2,579,12970,33148,https://iem.org.mx/documentos/proceso_electoral_2023_2024/Actas%20de%20Computo/ACTAS%20DE%20C%C3%93MPUTO%20MUNICIPALES/21%20Coalcom%C3%A1n/Buenavista.pdf
16,MICHOACAN,13,CARACUARO,12,17,17,15,61,3146,69,137,,431,59,,,,,,,,,,55,6,11,20,,2,,,217,,,,,4229,1,328,4558,7621,https://iem.org.mx/documentos/proceso_electoral_2023_2024/Actas%20de%20Computo/ACTAS%20DE%20C%C3%93MPUTO%20MUNICIPALES/18%20Huetamo/Car%C3%A1cuaro.pdf
16,MICHOACAN,14,COAHUAYANA,12,23,23,233,286,1220,183,651,160,654,617,1702,,108,,,,,,,186,32,6,42,191,11,19,10,,,,,,6311,0,219,6530,12101,https://iem.org.mx/documentos/proceso_electoral_2023_2024/Actas%20de%20Computo/ACTAS%20DE%20C%C3%93MPUTO%20MUNICIPALES/21%20Coalcom%C3%A1n/Coahuayana.pdf
16,MICHOACAN,15,COALCOMAN DE VAZQUEZ PALLARES,16,30,30,94,407,3067,86,343,3254,372,27,,,,,,,,,,51,13,13,23,,13,,,45,,,,,7808,2,373,8183,15176,https://iem.org.mx/documentos/proceso_electoral_2023_2024/Actas%20de%20Computo/ACTAS%20DE%20C%C3%93MPUTO%20MUNICIPALES/21%20Coalcom%C3%A1n/Coalcom%C3%A1n.pdf
16,MICHOACAN,16,COENEO,29,43,44,47,85,3706,406,294,1815,3343,,,,,,,,,,,360,41,65,67,,1,,,,,,,,10230,0,441,10671,20164,https://iem.org.mx/documentos/proceso_electoral_2023_2024/Actas%20de%20Computo/ACTAS%20DE%20C%C3%93MPUTO%20MUNICIPALES/05%20Paracho/Coeneo.pdf
16,MICHOACAN,17,CONTEPEC,13,40,40,237,4569,903,649,325,,4635,195,274,,78,,,,,,,622,96,152,117,607,79,13,88,,,,,,13639,3,669,14311,24899,https://iem.org.mx/documentos/proceso_electoral_2023_2024/Actas%20de%20Computo/ACTAS%20DE%20C%C3%93MPUTO%20MUNICIPALES/03%20Maravat%C3%ADo/Contepec.pdf
16,MICHOACAN,18,COPANDARO,6,13,13,,1024,130,185,80,1606,770,,,,,,,,,,,222,29,24,19,,,,291,,,,,,4380,1,177,4558,7882,https://iem.org.mx/documentos/proceso_electoral_2023_2024/Actas%20de%20Computo/ACTAS%20DE%20C%C3%93MPUTO%20MUNICIPALES/02%20Puru%C3%A1ndiro/Cop%C3%A1ndaro%20.pdf
16,MICHOACAN,19,COTIJA,18,34,34,2419,382,1734,137,250,1888,933,,,,20,,,,,,,112,12,7,42,,314,,,,,,,,8250,0,391,8641,17716,https://iem.org.mx/documentos/proceso_electoral_2023_2024/Actas%20de%20Computo/ACTAS%20DE%20C%C3%93MPUTO%20MUNICIPALES/09%20Los%20Reyes/Cotija.pdf
16,MICHOACAN,20,CUITZEO,16,44,44,3240,563,1958,2141,179,122,1164,441,33,860,493,,,,,,,235,55,109,18,,,,274,,,,,,11885,3,518,12406,24807,https://iem.org.mx/documentos/proceso_electoral_2023_2024/Actas%20de%20Computo/ACTAS%20DE%20C%C3%93MPUTO%20MUNICIPALES/08%20Tar%C3%ADmbaro/Cuitzeo.pdf
16,MICHOACAN,21,CHARAPAN,3,8,8,,256,909,140,55,,626,829,611,456,23,,,,,,,38,12,17,12,,,,,,,,,,3984,0,287,4271,5698,https://iem.org.mx/documentos/proceso_electoral_2023_2024/Actas%20de%20Computo/ACTAS%20DE%20C%C3%93MPUTO%20MUNICIPALES/05%20Paracho/Charapan.pdf
16,MICHOACAN,22,CHARO,15,31,31,952,602,663,281,192,3196,1500,,85,,31,2741,,,,,,256,36,42,58,376,25,23,8,,,,,,11067,10,432,11509,18141,https://iem.org.mx/documentos/proceso_electoral_2023_2024/Actas%20de%20Computo/ACTAS%20DE%20C%C3%93MPUTO%20MUNICIPALES/08%20Tar%C3%ADmbaro/Charo.pdf
16,MICHOACAN,23,CHAVINDA,11,21,21,357,730,279,35,47,1538,1292,17,,,,,,,,,,,,,,,,,326,,,,,,4621,0,202,4823,10344,https://iem.org.mx/documentos/proceso_electoral_2023_2024/Actas%20de%20Computo/ACTAS%20DE%20C%C3%93MPUTO%20MUNICIPALES/09%20Los%20Reyes/Chavinda.pdf
16,MICHOACAN,24,CHERAN,2,4,4,,,,,,,,,,,,,,,,,,,,,,,,,,,,,,,0,0,0,0,2271,
16,MICHOACAN,25,CHILCHOTA,15,42,42,40,1990,2654,1172,343,2960,4387,383,758,,168,,,,,,,445,60,104,64,,,,,,,,,,15528,1,574,16103,26162,https://iem.org.mx/documentos/proceso_electoral_2023_2024/Actas%20de%20Computo/ACTAS%20DE%20C%C3%93MPUTO%20MUNICIPALES/05%20Paracho/Chilchota.pdf
16,MICHOACAN,26,CHINICUILA,8,11,12,15,126,28,49,725,,159,931,,,,,,,,,14,115,18,4,39,16,2,,2,,,,,,2243,3,88,2334,3858,https://iem.org.mx/documentos/proceso_electoral_2023_2024/Actas%20de%20Computo/ACTAS%20DE%20C%C3%93MPUTO%20MUNICIPALES/21%20Coalcom%C3%A1n/Chinicuila.pdf
16,MICHOACAN,27,CHUCANDIRO,6,11,11,82,198,1228,51,272,,321,,,,,,,,,,,114,17,3,25,370,12,18,29,,,,,,2740,1,111,2852,5168,https://iem.org.mx/documentos/proceso_electoral_2023_2024/Actas%20de%20Computo/ACTAS%20DE%20C%C3%93MPUTO%20MUNICIPALES/02%20Puru%C3%A1ndiro/Chuc%C3%A1ndiro.pdf
16,MICHOACAN,28,CHURINTZIO,8,13,13,1499,73,356,57,34,,849,,,,,,,,,,,134,6,13,10,,,,31,,,,,,3062,0,70,3132,6672,https://iem.org.mx/documentos/proceso_electoral_2023_2024/Actas%20de%20Computo/ACTAS%20DE%20C%C3%93MPUTO%20MUNICIPALES/01%20La%20Piedad/Churintzio.pdf
16,MICHOACAN,29,CHURUMUCO,13,21,21,97,4554,145,67,624,,297,,,,,,,,,,,35,13,7,27,225,32,4,22,,,,,,6149,0,292,6441,10135,https://iem.org.mx/documentos/proceso_electoral_2023_2024/Actas%20de%20Computo/ACTAS%20DE%20C%C3%93MPUTO%20MUNICIPALES/22%20M%C3%BAgica/Churumuco.pdf
16,MICHOACAN,30,ECUANDUREO,13,24,25,2595,401,80,485,133,,1190,,,,,,,,,,,323,29,35,85,427,57,21,6,,,,,,5867,3,232,6102,11984,https://iem.org.mx/documentos/proceso_electoral_2023_2024/Actas%20de%20Computo/ACTAS%20DE%20C%C3%93MPUTO%20MUNICIPALES/01%20La%20Piedad/Ecuandureo.pdf
16,MICHOACAN,31,EPITACIO HUERTA,11,21,21,2848,1071,909,819,342,171,903,14,,,20,,,,,,,,,,,,,,,15,,,,,7112,1,283,7396,12128,https://iem.org.mx/documentos/proceso_electoral_2023_2024/Actas%20de%20Computo/ACTAS%20DE%20C%C3%93MPUTO%20MUNICIPALES/03%20Maravat%C3%ADo/Epitacio%20Huerta.pdf
16,MICHOACAN,32,ERONGARICUARO,9,20,20,,2333,476,104,80,,3111,1088,,,,,,,,,,,,,,,,,436,,23,,,,7651,0,482,8133,10316,https://iem.org.mx/documentos/proceso_electoral_2023_2024/Actas%20de%20Computo/ACTAS%20DE%20C%C3%93MPUTO%20MUNICIPALES/05%20Paracho/Erongar%C3%ADcuaro.pdf
16,MICHOACAN,33,GABRIEL ZAMORA,13,30,30,172,262,1485,3755,1079,370,2956,175,835,,,,,,,,,314,25,47,38,,,,21,,,,,,11534,0,373,11907,16927,https://iem.org.mx/documentos/proceso_electoral_2023_2024/Actas%20de%20Computo/ACTAS%20DE%20C%C3%93MPUTO%20MUNICIPALES/22%20M%C3%BAgica/Gabriel%20Zamora.pdf
16,MICHOACAN,34,HIDALGO,71,165,166,6471,7256,2618,11943,1589,8955,10815,532,,,,,,,,,,,,,,2843,398,163,132,,1340,,,,55055,42,3121,58218,95524,https://iem.org.mx/documentos/proceso_electoral_2023_2024/Actas%20de%20Computo/ACTAS%20DE%20C%C3%93MPUTO%20MUNICIPALES/12%20Hidalgo/Hidalgo.pdf
16,MICHOACAN,35,LA HUACANA,28,50,50,244,1694,1241,3512,451,,6601,84,,,,,,,,,,1293,150,242,161,51,14,3,7,,,,,,15748,3,1088,16839,24149,https://iem.org.mx/documentos/proceso_electoral_2023_2024/Actas%20de%20Computo/ACTAS%20DE%20C%C3%93MPUTO%20MUNICIPALES/22%20M%C3%BAgica/La%20Huacana.pdf
16,MICHOACAN,36,HUANDACAREO,10,18,18,239,150,1851,284,178,350,1893,55,687,,,,,,,,,264,25,77,49,,27,,,128,,,,,6257,3,213,6473,10847,https://iem.org.mx/documentos/proceso_electoral_2023_2024/Actas%20de%20Computo/ACTAS%20DE%20C%C3%93MPUTO%20MUNICIPALES/02%20Puru%C3%A1ndiro/Huandacareo.pdf
16,MICHOACAN,37,HUANIQUEO,11,14,14,67,39,1301,300,1117,153,571,108,188,,59,,,,,,,,,,,,5,,,,,,,,3908,1,242,4151,7960,https://iem.org.mx/documentos/proceso_electoral_2023_2024/Actas%20de%20Computo/ACTAS%20DE%20C%C3%93MPUTO%20MUNICIPALES/02%20Puru%C3%A1ndiro/Huaniqueo.pdf
16,MICHOACAN,38,HUETAMO,44,71,71,,650,11307,328,210,170,3561,180,111,,,,,,,,,237,39,53,51,,,,,382,,,,,17279,6,801,18086,34332,https://iem.org.mx/documentos/proceso_electoral_2023_2024/Actas%20de%20Computo/ACTAS%20DE%20C%C3%93MPUTO%20MUNICIPALES/18%20Huetamo/Huetamo.pdf
16,MICHOACAN,39,HUIRAMBA,4,12,12,17,517,76,975,,64,455,1639,70,12,63,,,,,,,,,,,,,,78,,,,526,,4492,1,235,4728,7103,https://iem.org.mx/documentos/proceso_electoral_2023_2024/Actas%20de%20Computo/ACTAS%20DE%20C%C3%93MPUTO%20MUNICIPALES/15%20P%C3%A1tzcuaro/Huiramba.pdf
16,MICHOACAN,40,INDAPARAPEO,13,27,27,498,1134,1485,161,2226,,450,511,,,827,,,,,,,339,77,13,96,452,36,30,37,,,,,,8372,0,278,8650,14400,https://iem.org.mx/documentos/proceso_electoral_2023_2024/Actas%20de%20Computo/ACTAS%20DE%20C%C3%93MPUTO%20MUNICIPALES/12%20Hidalgo/Indaparapeo.pdf
16,MICHOACAN,41,IRIMBO,8,21,21,,,,,,,,,,,,,,,,,,,,,,,,,,,,,,,0,0,0,0,13220,
16,MICHOACAN,42,IXTLAN,12,22,23,396,1956,2140,670,79,,758,32,,,,,,,,,,168,43,68,18,,404,,,141,,,,,6873,115,245,7233,12125,https://iem.org.mx/documentos/proceso_electoral_2023_2024/Actas%20de%20Computo/ACTAS%20DE%20C%C3%93MPUTO%20MUNICIPALES/01%20La%20Piedad/Ixtlan.pdf
16,MICHOACAN,43,JACONA,30,88,88,2681,3935,4514,1112,665,558,4588,1063,1963,,107,,,,,,,1084,123,104,129,,907,,,,,,,,23533,22,707,24262,54444,https://iem.org.mx/documentos/proceso_electoral_2023_2024/Actas%20de%20Computo/ACTAS%20DE%20C%C3%93MPUTO%20MUNICIPALES/07%20Zacapu/Jacona.pdf
16,MICHOACAN,44,JIMENEZ,14,25,25,94,162,2636,54,66,3048,265,,53,72,,,,,,,,51,10,2,13,277,9,37,25,,,,,,6874,1,267,7142,13274,https://iem.org.mx/documentos/proceso_electoral_2023_2024/Actas%20de%20Computo/ACTAS%20DE%20C%C3%93MPUTO%20MUNICIPALES/02%20Puru%C3%A1ndiro/Jim%C3%A9nez.pdf
16,MICHOACAN,45,JIQUILPAN,30,67,68,1723,1701,4908,292,426,3589,3340,481,,,,,,,,,,385,32,46,85,,,,,,,,,,17008,4,654,17666,34909,https://iem.org.mx/documentos/proceso_electoral_2023_2024/Actas%20de%20Computo/ACTAS%20DE%20C%C3%93MPUTO%20MUNICIPALES/04%20Jiquilpan/Jiquilpan.pdf
16,MICHOACAN,46,JOSE SIXTO VERDUZCO,20,41,42,136,327,387,160,785,4265,1614,939,3454,,9,,,,,,,214,31,15,68,40,6,3,1,,,,,,12454,0,561,13015,21422,https://iem.org.mx/documentos/proceso_electoral_2023_2024/Actas%20de%20Computo/ACTAS%20DE%20C%C3%93MPUTO%20MUNICIPALES/02%20Puru%C3%A1ndiro/Jos%C3%A9%20Sixto%20Verduzco.PDF
16,MICHOACAN,47,JUAREZ,12,20,21,32,222,63,82,1196,1102,334,1235,,13,2356,,,,,,,216,59,6,48,44,4,2,3,,,,,,7017,1,248,7266,11090,https://iem.org.mx/documentos/proceso_electoral_2023_2024/Actas%20de%20Computo/ACTAS%20DE%20C%C3%93MPUTO%20MUNICIPALES/18%20Huetamo/Ju%C3%A1rez.pdf
16,MICHOACAN,48,JUNGAPEO,16,30,30,241,626,2720,365,182,106,3277,31,,,34,,,,,,,637,65,100,85,501,23,36,44,,,,,,9073,1,347,9421,15529,https://iem.org.mx/documentos/proceso_electoral_2023_2024/Actas%20de%20Computo/ACTAS%20DE%20C%C3%93MPUTO%20MUNICIPALES/18%20Huetamo/Jungapeo.pdf
16,MICHOACAN,49,LAGUNILLAS,4,10,10,156,232,234,344,13,311,121,987,,766,11,,,,,,,,,,,,,,82,,,,398,,3655,0,159,3814,5549,https://iem.org.mx/documentos/proceso_electoral_2023_2024/Actas%20de%20Computo/ACTAS%20DE%20C%C3%93MPUTO%20MUNICIPALES/15%20P%C3%A1tzcuaro/Lagunillas.pdf
16,MICHOACAN,50,LAZARO CARDENAS,70,241,242,6077,6707,4385,2430,2158,6831,32121,1353,1663,,1037,,,,,,,1937,227,403,369,1131,129,65,39,,,,,,69062,25,2077,71164,146214,https://iem.org.mx/documentos/proceso_electoral_2023_2024/Actas%20de%20Computo/ACTAS%20DE%20C%C3%93MPUTO%20MUNICIPALES/24%20L%C3%A1zaro%20C%C3%A1rdenas/L%C3%A1zaro%20C%C3%A1rdenas.pdf
16,MICHOACAN,51,MADERO,14,28,28,512,2405,,2649,545,,1146,,25,,15,,,,,,,856,254,119,34,,702,,,,,,,,9262,7,403,9672,14800,https://iem.org.mx/documentos/proceso_electoral_2023_2024/Actas%20de%20Computo/ACTAS%20DE%20C%C3%93MPUTO%20MUNICIPALES/19%20Tac%C3%A1mbaro/Madero.pdf
16,MICHOACAN,52,MARAVATIO,44,115,116,,1699,6367,2029,1958,704,12310,215,,,764,,,,,,,2399,305,205,327,,,,969,,,,,,30251,7,1401,31659,67822,https://iem.org.mx/documentos/proceso_electoral_2023_2024/Actas%20de%20Computo/ACTAS%20DE%20C%C3%93MPUTO%20MUNICIPALES/03%20Maravat%C3%ADo/Maravat%C3%ADo.pdf
16,MICHOACAN,53,MARCOS CASTELLANOS,11,21,22,1869,276,68,109,1844,,872,,954,,,,,,,,,,,,,193,31,9,,,,50,,,6275,4,229,6508,10608,https://iem.org.mx/documentos/proceso_electoral_2023_2024/Actas%20de%20Computo/ACTAS%20DE%20C%C3%93MPUTO%20MUNICIPALES/04%20Jiquilpan/Marcos%20Castellanos.pdf
16,MICHOACAN,54,MORELIA,389,1107,1110,143156,51589,10262,8686,11092,14394,88766,4639,,,9032,,,,,,,7861,816,1460,2053,,,11120,,,,,,,364926,389,12965,378280,671572,https://iem.org.mx/documentos/proceso_electoral_2023_2024/Actas%20de%20Computo/ACTAS%20DE%20C%C3%93MPUTO%20MUNICIPALES/16%20Morelia/Morelia%2016_2.pdf
16,MICHOACAN,55,MORELOS,9,16,16,,,,397,142,2056,1637,,,,,,,,,,,,,,,,,,,,,,,200,4432,1,183,4616,8326,https://iem.org.mx/documentos/proceso_electoral_2023_2024/Actas%20de%20Computo/ACTAS%20DE%20C%C3%93MPUTO%20MUNICIPALES/02%20Puru%C3%A1ndiro/Morelos.pdf
16,MICHOACAN,56,MUGICA,24,59,60,277,600,298,6670,460,,7041,517,,,,,,,,,,1419,118,371,108,132,27,5,5,,,,,,18048,16,733,18797,35326,https://iem.org.mx/documentos/proceso_electoral_2023_2024/Actas%20de%20Computo/ACTAS%20DE%20C%C3%93MPUTO%20MUNICIPALES/22%20M%C3%BAgica/Mugica.pdf
16,MICHOACAN,57,NAHUATZEN,10,28,28,2241,1365,2286,510,1805,1349,1272,140,,,48,,,,,,,,,,,,,,,,,100,,,11116,199,710,12025,16279,https://iem.org.mx/documentos/proceso_electoral_2023_2024/Actas%20de%20Computo/ACTAS%20DE%20C%C3%93MPUTO%20MUNICIPALES/05%20Paracho/Nahuatzen.pdf
16,MICHOACAN,58,NOCUPETARO,13,18,18,,2447,,63,1954,3,354,11,,,4,,,,,,,,,,,,,,,,,33,,,4869,0,183,5052,7340,https://iem.org.mx/documentos/proceso_electoral_2023_2024/Actas%20de%20Computo/ACTAS%20DE%20C%C3%93MPUTO%20MUNICIPALES/19%20Tac%C3%A1mbaro/Nocup%C3%A9taro.pdf
16,MICHOACAN,59,NUEVO PARANGARICUTIRO,11,28,29,292,2003,1659,298,467,2187,2205,49,175,,,,,,,,,,,,,541,29,23,22,,,,14,,9964,3,326,10293,15656,https://iem.org.mx/documentos/proceso_electoral_2023_2024/Actas%20de%20Computo/ACTAS%20DE%20C%C3%93MPUTO%20MUNICIPALES/14%20Uruapan/Nuevo%20Parangaricutiro.pdf
16,MICHOACAN,60,NUEVO URECHO,9,14,14,,57,43,550,105,1909,1389,11,15,,,,,,,,,233,45,55,29,,,,20,,,,,,4461,0,132,4593,6470,https://iem.org.mx/documentos/proceso_electoral_2023_2024/Actas%20de%20Computo/ACTAS%20DE%20C%C3%93MPUTO%20MUNICIPALES/22%20M%C3%BAgica/NuevoUrecho.pdf
16,MICHOACAN,61,NUMARAN,9,17,18,192,2146,1345,99,64,536,1660,,109,,,,,,,,,90,5,17,26,,,,,,,,,,6289,0,153,6442,10103,https://iem.org.mx/documentos/proceso_electoral_2023_2024/Actas%20de%20Computo/ACTAS%20DE%20C%C3%93MPUTO%20MUNICIPALES/01%20La%20Piedad/Numar%C3%A1n.pdf
16,MICHOACAN,62,OCAMPO,11,28,28,218,1265,160,2272,3507,,734,,,,,,,,,,,,,,,304,41,7,18,,,636,,,9162,0,435,9597,17783,https://iem.org.mx/documentos/proceso_electoral_2023_2024/Actas%20de%20Computo/ACTAS%20DE%20C%C3%93MPUTO%20MUNICIPALES/13%20Zit%C3%A1cuaro/Ocampo.pdf
16,MICHOACAN,63,PAJACUARAN,18,35,35,149,119,193,355,984,2868,3444,,,,,,,,,,,751,73,37,135,52,3,7,2,,,,,,9172,0,228,9400,16653,https://iem.org.mx/documentos/proceso_electoral_2023_2024/Actas%20de%20Computo/ACTAS%20DE%20C%C3%93MPUTO%20MUNICIPALES/04%20Jiquilpan/Pajacuar%C3%A1n.pdf
16,MICHOACAN,64,PANINDICUARO,19,32,32,31,115,84,520,643,2942,3009,,,,,,,,,,,782,58,57,111,14,3,1,1,,,,,,8371,1,389,8761,15133,https://iem.org.mx/documentos/proceso_electoral_2023_2024/Actas%20de%20Computo/ACTAS%20DE%20C%C3%93MPUTO%20MUNICIPALES/02%20Puru%C3%A1ndiro/Panind%C3%ADcuaro.pdf
16,MICHOACAN,65,PARACUARO,16,35,35,318,440,1861,252,656,,4709,,,,,,,,,,,433,29,61,71,212,6,23,15,,,,,,9086,0,286,9372,20136,https://iem.org.mx/documentos/proceso_electoral_2023_2024/Actas%20de%20Computo/ACTAS%20DE%20C%C3%93MPUTO%20MUNICIPALES/23%20Apatzing%C3%A1n/Par%C3%A1cuaro.pdf
16,MICHOACAN,66,PARACHO,15,46,46,698,460,1366,665,780,822,2486,3688,288,703,669,,2488,750,,,,,,,,,,,100,,,,,168,16131,8,796,16935,26498,https://iem.org.mx/documentos/proceso_electoral_2023_2024/Actas%20de%20Computo/ACTAS%20DE%20C%C3%93MPUTO%20MUNICIPALES/05%20Paracho/Paracho.pdf
16,MICHOACAN,67,PATZCUARO,43,124,125,3290,4099,2245,1629,3460,4031,7301,5669,949,510,1675,,,,,,,1447,234,159,324,1198,176,64,49,,,,,,38509,27,1949,40485,74755,https://iem.org.mx/documentos/proceso_electoral_2023_2024/Actas%20de%20Computo/ACTAS%20DE%20C%C3%93MPUTO%20MUNICIPALES/15%20P%C3%A1tzcuaro/Patzcuaro.pdf
16,MICHOACAN,68,PENJAMILLO,19,31,32,94,1396,856,224,911,1502,2905,62,,,,,,,,,,,,,,,140,,,78,,,,,8168,0,349,8517,16117,https://iem.org.mx/documentos/proceso_electoral_2023_2024/Actas%20de%20Computo/ACTAS%20DE%20C%C3%93MPUTO%20MUNICIPALES/02%20Puru%C3%A1ndiro/Penjamillo.pdf
16,MICHOACAN,69,PERIBAN,12,36,36,2763,1529,140,116,1157,1104,733,310,4203,114,,,,,,,,153,19,5,65,,,208,,,,,,,12619,6,409,13034,22888,https://iem.org.mx/documentos/proceso_electoral_2023_2024/Actas%20de%20Computo/ACTAS%20DE%20C%C3%93MPUTO%20MUNICIPALES/21%20Coalcom%C3%A1n/Perib%C3%A1n.pdf
16,MICHOACAN,70,LA PIEDAD,61,144,145,18527,1496,414,751,870,2564,11661,,186,615,564,,,,,,,859,85,182,199,1297,262,84,19,,,,,,40635,14,1047,41696,85014,https://iem.org.mx/documentos/proceso_electoral_2023_2024/Actas%20de%20Computo/ACTAS%20DE%20C%C3%93MPUTO%20MUNICIPALES/01%20La%20Piedad/La%20Piedad.pdf
16,MICHOACAN,71,PUREPERO,11,23,24,68,1867,2432,1808,78,517,1063,166,272,,,,,,,,,,,,,,,,,,,,,,8271,0,274,8545,14106,https://iem.org.mx/documentos/proceso_electoral_2023_2024/Actas%20de%20Computo/ACTAS%20DE%20C%C3%93MPUTO%20MUNICIPALES/07%20Zacapu/Pur%C3%A9pero.pdf
16,MICHOACAN,72,PURUANDIRO,46,110,111,1128,5743,1003,972,724,7867,4363,821,1332,97,1101,,,,,,,537,118,90,100,748,148,41,47,,,,,,26980,4,1157,28141,62789,https://iem.org.mx/documentos/proceso_electoral_2023_2024/Actas%20de%20Computo/ACTAS%20DE%20C%C3%93MPUTO%20MUNICIPALES/02%20Puru%C3%A1ndiro/Puru%C3%A1ndiro.pdf
16,MICHOACAN,73,QUERENDARO,14,22,23,1487,1930,,133,749,28,802,,940,,206,,,,,,,283,45,18,60,,,,,,,,,,6681,0,258,6939,11591,https://iem.org.mx/documentos/proceso_electoral_2023_2024/Actas%20de%20Computo/ACTAS%20DE%20C%C3%93MPUTO%20MUNICIPALES/12%20Hidalgo/Quer%C3%A9ndaro.pdf
16,MICHOACAN,74,QUIROGA,12,35,35,2510,833,351,3943,160,979,2387,140,231,,246,,,,,,,,,,,209,54,15,1,,,,,105,12164,0,634,12798,18623,https://iem.org.mx/documentos/proceso_electoral_2023_2024/Actas%20de%20Computo/ACTAS%20DE%20C%C3%93MPUTO%20MUNICIPALES/15%20P%C3%A1tzcuaro/Quiroga.pdf
16,MICHOACAN,75,COJUMATLAN DE REGULES,9,20,20,168,656,2546,866,273,,337,,,,,,,,,,,,,,,367,14,27,25,,,300,,,5579,1,146,5726,8951,https://iem.org.mx/documentos/proceso_electoral_2023_2024/Actas%20de%20Computo/ACTAS%20DE%20C%C3%93MPUTO%20MUNICIPALES/04%20Jiquilpan/Cojumatl%C3%A1n.pdf
16,MICHOACAN,76,LOS REYES,35,104,105,6033,1229,12425,1099,893,,6600,716,,,70,,,,,,,757,76,137,179,,720,,,,,,,,30934,1,1197,32132,61411,https://iem.org.mx/documentos/proceso_electoral_2023_2024/Actas%20de%20Computo/ACTAS%20DE%20C%C3%93MPUTO%20MUNICIPALES/09%20Los%20Reyes/Los%20Reyes.pdf
16,MICHOACAN,77,SAHUAYO,49,103,104,15503,1049,237,748,2086,2132,7392,144,,,1316,,,,,,,1097,97,103,279,1495,257,75,14,,,,,,34024,7,913,34944,58840,https://iem.org.mx/documentos/proceso_electoral_2023_2024/Actas%20de%20Computo/ACTAS%20DE%20C%C3%93MPUTO%20MUNICIPALES/04%20Jiquilpan/Sahuayo.pdf
16,MICHOACAN,78,SAN LUCAS,20,30,30,103,3553,94,245,124,,2153,18,15,,,,,,,,,273,31,34,35,,,,,,,,,,6678,3,366,7047,14931,https://iem.org.mx/documentos/proceso_electoral_2023_2024/Actas%20de%20Computo/ACTAS%20DE%20C%C3%93MPUTO%20MUNICIPALES/18%20Huetamo/San%20Lucas.pdf
16,MICHOACAN,79,SANTA ANA MAYA,11,23,24,110,104,23,2243,1013,275,2195,,,,,,,,,,,,,,,20,2,2,,,,,,,5987,3,213,6203,12288,https://iem.org.mx/documentos/proceso_electoral_2023_2024/Actas%20de%20Computo/ACTAS%20DE%20C%C3%93MPUTO%20MUNICIPALES/08%20Tar%C3%ADmbaro/Santa%20Ana%20Maya.pdf
16,MICHOACAN,80,SALVADOR ESCALANTE,24,61,61,884,4748,3566,881,1803,3770,3945,365,81,,,,,,,,,703,125,82,178,,,,,170,,,,,21301,8,1059,22368,38067,https://iem.org.mx/documentos/proceso_electoral_2023_2024/Actas%20de%20Computo/ACTAS%20DE%20C%C3%93MPUTO%20MUNICIPALES/15%20P%C3%A1tzcuaro/Salvador%20Escalante.pdf
16,MICHOACAN,81,SENGUIO,11,29,29,237,3834,560,410,233,,2559,,,,,,,,,,,667,47,69,95,,794,,,,,,,,9505,1,401,9907,16263,https://iem.org.mx/documentos/proceso_electoral_2023_2024/Actas%20de%20Computo/ACTAS%20DE%20C%C3%93MPUTO%20MUNICIPALES/03%20Maravat%C3%ADo/Senguio.pdf
16,MICHOACAN,82,SUSUPUATO,10,15,15,38,192,98,,,1834,,,,,,,,,,,,,,,,40,2,2,5,,,,,,2211,3,2214,4428,7256,https://iem.org.mx/documentos/proceso_electoral_2023_2024/Actas%20de%20Computo/ACTAS%20DE%20C%C3%93MPUTO%20MUNICIPALES/18%20Huetamo/Susupuato%20.pdf
16,MICHOACAN,83,TACAMBARO,38,102,103,4671,6325,332,3817,1558,3686,6797,,135,,89,,,,,,,1592,210,224,206,,,,,,,,,,29642,21,1390,31053,60071,https://iem.org.mx/documentos/proceso_electoral_2023_2024/Actas%20de%20Computo/ACTAS%20DE%20C%C3%93MPUTO%20MUNICIPALES/19%20Tac%C3%A1mbaro/Tac%C3%A1mbaro.pdf
16,MICHOACAN,84,TANCITARO,15,40,40,3279,985,302,358,255,1594,2044,643,41,,,,,,,,,230,47,63,58,,735,,,,,,,,10634,50,362,11046,24187,https://iem.org.mx/documentos/proceso_electoral_2023_2024/Actas%20de%20Computo/ACTAS%20DE%20C%C3%93MPUTO%20MUNICIPALES/23%20Apatzing%C3%A1n/Tanc%C3%ADtaro.pdf
16,MICHOACAN,85,TANGAMANDAPIO,14,43,43,465,2288,731,584,752,,5759,,,,,,,,,,,630,56,83,144,,258,,,,,,,,11750,4,361,12115,25661,https://iem.org.mx/documentos/proceso_electoral_2023_2024/Actas%20de%20Computo/ACTAS%20DE%20C%C3%93MPUTO%20MUNICIPALES/09%20Los%20Reyes/Tangamandapio.pdf
16,MICHOACAN,86,TANGANCICUARO,27,55,55,3939,4376,445,147,354,,1715,,1069,,,,,,,,,191,28,35,53,,,443,,,,,,,12795,6,501,13302,30423,https://iem.org.mx/documentos/proceso_electoral_2023_2024/Actas%20de%20Computo/ACTAS%20DE%20C%C3%93MPUTO%20MUNICIPALES/07%20Zacapu/Tanganc%C3%ADcuaro.pdf
16,MICHOACAN,87,TANHUATO,11,22,23,611,55,81,725,250,2916,1508,149,,,,,,,,,,,,,,208,7,5,,,,,,,6515,0,258,6773,12370,https://iem.org.mx/documentos/proceso_electoral_2023_2024/Actas%20de%20Computo/ACTAS%20DE%20C%C3%93MPUTO%20MUNICIPALES/01%20La%20Piedad/Tanhuato.pdf
16,MICHOACAN,88,TARETAN,9,23,23,1808,330,202,3054,377,40,974,59,,112,,,,,,,,,,,,,,,,,,,104,127,7187,1,329,7517,12326,https://iem.org.mx/documentos/proceso_electoral_2023_2024/Actas%20de%20Computo/ACTAS%20DE%20C%C3%93MPUTO%20MUNICIPALES/22%20M%C3%BAgica/Taretan.pdf
16,MICHOACAN,89,TARIMBARO,45,126,127,3970,9730,1846,10536,1397,2980,5545,677,,263,878,,,,,,,1541,281,380,156,1711,233,56,90,,,,,,42270,19,1231,43520,75807,https://iem.org.mx/documentos/proceso_electoral_2023_2024/Actas%20de%20Computo/ACTAS%20DE%20C%C3%93MPUTO%20MUNICIPALES/08%20Tar%C3%ADmbaro/Tar%C3%ADmbaro.pdf
16,MICHOACAN,90,TEPALCATEPEC,15,31,31,269,1485,490,586,747,,2904,,,,,,,,,,,,,,,243,19,9,13,,,513,,,7278,0,419,7697,17106,https://iem.org.mx/documentos/proceso_electoral_2023_2024/Actas%20de%20Computo/ACTAS%20DE%20C%C3%93MPUTO%20MUNICIPALES/21%20Coalcom%C3%A1n/Tepalcatepec.pdf
16,MICHOACAN,91,TINGAMBATO,5,16,17,51,1157,2861,48,59,138,819,117,,243,,,,,,,,53,17,6,18,,86,,,,,,,,5673,0,193,5866,8210,https://iem.org.mx/documentos/proceso_electoral_2023_2024/Actas%20de%20Computo/ACTAS%20DE%20C%C3%93MPUTO%20MUNICIPALES/05%20Paracho/Tingambato.pdf
16,MICHOACAN,92,TINGUINDIN,11,24,25,2300,1358,206,104,1397,1319,368,11,,,,,,,,,,469,95,4,49,,,,,5,,,,,7685,1,195,7881,12289,https://iem.org.mx/documentos/proceso_electoral_2023_2024/Actas%20de%20Computo/ACTAS%20DE%20C%C3%93MPUTO%20MUNICIPALES/09%20Los%20Reyes/Tinguindin.pdf
16,MICHOACAN,93,TIQUICHEO DE NICOLAS ROMERO,11,18,18,39,2400,365,29,1595,49,101,1818,,,,,,,,,,,,,,,111,,,112,,2,,,6621,1,325,6947,10425,https://iem.org.mx/documentos/proceso_electoral_2023_2024/Actas%20de%20Computo/ACTAS%20DE%20C%c3%93MPUTO%20MUNICIPALES/18%20Huetamo/acta_computo_municipal_Ayuntamiento_Tiquicheo%20de%20Nicolas%20Romero.pdf
16,MICHOACAN,94,TLALPUJAHUA,15,36,36,408,540,2344,378,3153,2880,790,174,297,,349,,,,,,,596,150,12,139,455,32,47,46,,,,,,12790,2,443,13235,20690,https://iem.org.mx/documentos/proceso_electoral_2023_2024/Actas%20de%20Computo/ACTAS%20DE%20C%C3%93MPUTO%20MUNICIPALES/03%20Maravat%C3%ADo/Tlalpujahua.pdf
16,MICHOACAN,95,TLAZAZALCA,12,17,17,39,91,946,38,53,,1558,142,575,22,,,,,,,,,,,,,1,,,,,,,,3465,0,193,3658,8510,https://iem.org.mx/documentos/proceso_electoral_2023_2024/Actas%20de%20Computo/ACTAS%20DE%20C%C3%93MPUTO%20MUNICIPALES/07%20Zacapu/Tlazazalca.pdf
16,MICHOACAN,96,TOCUMBO,12,19,19,2700,139,,91,1744,342,320,,,,,,,,,,,215,42,7,41,,520,,,,,,,,6161,0,164,6325,10230,https://iem.org.mx/documentos/proceso_electoral_2023_2024/Actas%20de%20Computo/ACTAS%20DE%20C%C3%93MPUTO%20MUNICIPALES/09%20Los%20Reyes/Tocumbo.pdf
16,MICHOACAN,97,TUMBISCATIO,5,8,8,15,65,51,236,52,,724,,1005,,,,,,,,,81,18,22,14,3,2,,1,,,,,,2289,0,211,2500,4969,https://iem.org.mx/documentos/proceso_electoral_2023_2024/Actas%20de%20Computo/ACTAS%20DE%20C%C3%93MPUTO%20MUNICIPALES/22%20M%C3%BAgica/Tumbiscatio.pdf
16,MICHOACAN,98,TURICATO,36,52,52,288,1085,691,5596,558,1353,2129,,,,,,,,,,,770,200,175,79,,,69,,,,,,,12993,2,928,13923,25755,https://iem.org.mx/documentos/proceso_electoral_2023_2024/Actas%20de%20Computo/ACTAS%20DE%20C%C3%93MPUTO%20MUNICIPALES/19%20Tac%C3%A1mbaro/Turicato.pdf
16,MICHOACAN,99,TUXPAN,17,37,38,481,704,2333,878,2670,124,3910,,,,,,,,,,,,,,,691,30,41,33,,,804,,,12699,5,596,13300,20962,https://iem.org.mx/documentos/proceso_electoral_2023_2024/Actas%20de%20Computo/ACTAS%20DE%20C%C3%93MPUTO%20MUNICIPALES/18%20Huetamo/Tuxpan.pdf
16,MICHOACAN,100,TUZANTLA,20,27,27,,1479,3126,118,120,,2073,,,,,,,,,,,71,23,22,14,,,,,,,,,,7046,0,311,7357,12313,https://iem.org.mx/documentos/proceso_electoral_2023_2024/Actas%20de%20Computo/ACTAS%20DE%20C%C3%93MPUTO%20MUNICIPALES/18%20Huetamo/Tuzantla.pdf
16,MICHOACAN,101,TZINTZUNTZAN,10,21,21,59,1170,1382,1097,157,1815,819,50,,505,336,,,,,,,256,37,30,22,,,,,138,,,,,7873,1,300,8174,12267,https://iem.org.mx/documentos/proceso_electoral_2023_2024/Actas%20de%20Computo/ACTAS%20DE%20C%C3%93MPUTO%20MUNICIPALES/15%20P%C3%A1tzcuaro/Tzintzuntzan.pdf
16,MICHOACAN,102,TZITZIO,15,20,21,148,1818,807,116,165,,1087,,,,,,,,,,,130,31,12,42,,,75,,,,,,,4431,1,246,4678,7903,https://iem.org.mx/documentos/proceso_electoral_2023_2024/Actas%20de%20Computo/ACTAS%20DE%20C%C3%93MPUTO%20MUNICIPALES/18%20Huetamo/Tzitzio.pdf
16,MICHOACAN,103,URUAPAN,150,433,435,7499,2148,1009,2620,2256,2207,20176,392,614,372,768,,,,,95381,,2058,258,333,371,661,124,44,21,,,,,,139312,30,5308,144650,264853,https://iem.org.mx/documentos/proceso_electoral_2023_2024/Actas%20de%20Computo/ACTAS%20DE%20C%c3%93MPUTO%20MUNICIPALES/14%20Uruapan/acta_computo_municipal_Ayuntamiento_Uruapan.pdf
16,MICHOACAN,104,VENUSTIANO CARRANZA,22,39,39,2920,767,211,209,119,3393,2898,49,,25,,,,,,,,249,27,55,66,,619,,,31,,,,,11638,1,380,12019,19839,https://iem.org.mx/documentos/proceso_electoral_2023_2024/Actas%20de%20Computo/ACTAS%20DE%20C%C3%93MPUTO%20MUNICIPALES/04%20Jiquilpan/Venustiano%20Carranza.pdf
16,MICHOACAN,105,VILLAMAR,19,33,33,370,2080,277,193,253,1745,1642,232,,,,,,,,,,169,22,18,46,216,37,4,13,,,,,,7317,14,265,7596,17111,https://iem.org.mx/documentos/proceso_electoral_2023_2024/Actas%20de%20Computo/ACTAS%20DE%20C%C3%93MPUTO%20MUNICIPALES/09%20Los%20Reyes/Villamar.pdf
16,MICHOACAN,106,VISTA HERMOSA,13,29,29,238,449,543,439,237,1087,4028,,,22,,,,,,,,569,30,66,84,183,7,6,6,,,,,,7994,3,250,8247,16400,https://iem.org.mx/documentos/proceso_electoral_2023_2024/Actas%20de%20Computo/ACTAS%20DE%20C%C3%93MPUTO%20MUNICIPALES/04%20Jiquilpan/Vista%20Hermosa.pdf
16,MICHOACAN,107,YURECUARO,19,42,43,319,,,1948,1198,53,3952,4668,,,88,,,,,,,,,,,,,,,,,,,841,13067,1,442,13510,24614,https://iem.org.mx/documentos/proceso_electoral_2023_2024/Actas%20de%20Computo/ACTAS%20DE%20C%C3%93MPUTO%20MUNICIPALES/01%20La%20Piedad/Yur%C3%A9cuaro.pdf
16,MICHOACAN,108,ZACAPU,48,114,115,685,467,488,1789,1798,8927,13588,1836,,,1254,,,,,,,1574,163,217,239,63,24,5,5,,,,,,33122,17,1468,34607,64002,https://iem.org.mx/documentos/proceso_electoral_2023_2024/Actas%20de%20Computo/ACTAS%20DE%20C%C3%93MPUTO%20MUNICIPALES/07%20Zacapu/Zacapu.pdf
16,MICHOACAN,109,ZAMORA,97,267,268,29079,4576,835,4568,1740,2083,15933,,5144,,242,,,,,,,2634,277,500,412,,,,283,,,,,,68306,47,2336,70689,158640,https://iem.org.mx/documentos/proceso_electoral_2023_2024/Actas%20de%20Computo/ACTAS%20DE%20C%C3%93MPUTO%20MUNICIPALES/06%20Zamora/Zamora.pdf
16,MICHOACAN,110,ZINAPARO,8,9,9,82,839,38,14,21,528,74,24,,,,,,,,,,,,,,145,14,1,2,,,,,,1782,1,130,1913,3822,https://iem.org.mx/documentos/proceso_electoral_2023_2024/Actas%20de%20Computo/ACTAS%20DE%20C%C3%93MPUTO%20MUNICIPALES/01%20La%20Piedad/Zin%C3%A1paro.pdf
16,MICHOACAN,111,ZINAPECUARO,32,72,73,1969,650,4304,634,528,4194,5579,183,,,443,,,,,,,884,110,118,227,,,623,,,,,,,20446,5,870,21321,41547,https://iem.org.mx/documentos/proceso_electoral_2023_2024/Actas%20de%20Computo/ACTAS%20DE%20C%C3%93MPUTO%20MUNICIPALES/12%20Hidalgo/Zinap%C3%A9cuaro.pdf
16,MICHOACAN,112,ZIRACUARETIRO,7,17,17,1876,698,303,567,284,142,1702,12,,,,,,,,,,,,,,,260,,,8,,,,235,6087,4,233,6324,10358,https://iem.org.mx/documentos/proceso_electoral_2023_2024/Actas%20de%20Computo/ACTAS%20DE%20C%C3%93MPUTO%20MUNICIPALES/22%20M%C3%BAgica/Ziracuaretiro.pdf
16,MICHOACAN,113,ZITACUARO,81,211,212,4485,5836,4034,3870,10163,7518,19669,1558,323,,225,,,,2286,,,,,,,1717,235,79,141,,,1337,,,63476,63,5053,68592,125238,https://iem.org.mx/documentos/proceso_electoral_2023_2024/Actas%20de%20Computo/ACTAS%20DE%20C%C3%93MPUTO%20MUNICIPALES/13%20Zit%C3%A1cuaro/Zit%C3%A1cuaro.pdf
